Event,Date,Heat,Type,Meters,raceid,eventid,Finishers
"לרוץ עם פסקל, הר איתן",23/08/2018,"4 ק""מ",,4000,30898,9236,104
"לרוץ עם פסקל, הר איתן",23/08/2018,"2 ק""מ",2K,2000,30899,9236,68
"לרוץ עם פסקל, הר איתן",23/08/2018,"8 ק""מ  גברים",,8000,30900,9236,240
"לרוץ עם פסקל, הר איתן",23/08/2018,"8 ק""מ נשים",,8000,30901,9236,53
JAYBIRD Desert Night Run,26/07/2018,חצי מרתון,,21000,30806,9218,251
JAYBIRD Desert Night Run,26/07/2018,"10 ק""מ",10K,10000,30807,9218,508
JAYBIRD Desert Night Run,26/07/2018,"5 ק""מ",5K,5000,30808,9218,186
JAYBIRD Desert Night Run,26/07/2018,"10 ק""מ הליכה",10K,10000,30809,9218,54
"מרוץ ראמוס, כפר מעאר",14/07/2018,"4 ק""מ",,4000,30534,9189,198
מרוץ נחל,12/07/2018,10 קילומטר ריצה,10K,10000,30532,9188,429
מרוץ נחל,12/07/2018,חצי מרתון,H.Marathon,21097,30533,9188,222
מרוץ נחל,12/07/2018,5 קילומטר ריצה,5K,5000,30531,9188,430
מרוץ שערי תקווה ה-1,05/07/2018,05KM,5K,5000,30528,9185,90
מרוץ לילה ערד מצדה 2018,29/06/2018,חצי מרתון,H.Marathon,21097,30474,9175,693
מרוץ לילה ערד מצדה 2018,29/06/2018,"11 ק""מ",,11000,30475,9175,514
מרוץ שדרות ה-1,21/06/2018,10KM,,10000,30397,9164,349
מרוץ שדרות ה-1,21/06/2018,05KM,,5000,30398,9164,258
מרוץ סיום העונה,15/06/2018,05KM,,5000,29996,9128,401
מרוץ מרום הגליל ה-6,08/06/2018,10KM,10K,10000,29951,9117,95
מרוץ מרום הגליל ה-6,08/06/2018,05KM,5K,5000,29952,9117,136
מרוץ כפר יונה ה-1,07/06/2018,02KM,2K,2000,29950,9116,323
מרוץ לילה כפר סבא,07/06/2018,"7.5 ק""מ",,7500,29953,9118,691
מרוץ לילה כפר סבא,07/06/2018,"3 ק""מ",,3000,29954,9118,948
מרוץ כפר יונה ה-1,07/06/2018,10KM,10K,10000,29948,9116,139
מרוץ כפר יונה ה-1,07/06/2018,05KM,5K,5000,29949,9116,248
REEFITNESS חיפה 2018,01/06/2018,"ריצה 5 ק""מ",5K,5000,29871,9099,120
מרוץ MS ישראל 2018,01/06/2018,10KM,10K,10000,29870,9098,235
מרוץ ערב אשדוד,31/05/2018,"5 ק""מ",5K,5000,29869,9097,285
מרוץ בית שמש 2018,30/05/2018,02KM,2K,2000,29868,9096,146
מרוץ בית שמש 2018,30/05/2018,05KM,5K,5000,29867,9096,600
מרוץ משמר הנגב ה-6,26/05/2018,"ריצה 10 ק""מ",10K,10000,29660,9076,54
מרוץ משמר הנגב ה-6,26/05/2018,"ריצה 5 ק""מ",5K,5000,29661,9076,50
"מרוץ שחר ה - VI, באלוני הבשן",25/05/2018,"15 ק""מ",15K,15000,29656,9075,22
"מרוץ שחר ה - VI, באלוני הבשן",25/05/2018,"10 ק""מ",10K,10000,29657,9075,70
מרוץ גני תקווה ה-1,25/05/2018,10KM,10K,10000,29639,9072,427
"מרוץ שחר ה - VI, באלוני הבשן",25/05/2018,"5 ק""מ",5K,5000,29658,9075,65
מרוץ גני תקווה ה-1,25/05/2018,05KM,5K,5000,29640,9072,308
"מרוץ שחר ה - VI, באלוני הבשן",25/05/2018,"עממי 2 ק""מ",2K,2000,29659,9075,11
מרוץ מטריקס ה-3,24/05/2018,10KM,10K,10000,29636,9071,514
מרוץ מטריקס ה-3,24/05/2018,05KM,5K,5000,29637,9071,298
מרוץ מטריקס ה-3,24/05/2018,04KM,,4000,29638,9071,96
מרוץ הערב של מיתר,24/05/2018,"10 ק""מ",10K,10000,29632,9070,111
מרוץ הערב של מיתר,24/05/2018,"5 ק""מ",5K,5000,29633,9070,168
מרוץ הערב של מיתר,24/05/2018,"2 ק""מ",2K,2000,29634,9070,263
מרוץ כפר תבור,23/05/2018,10k,10K,10000,29642,9073,11
מרוץ כפר תבור,23/05/2018,2k,2K,2000,29643,9073,35
מרוץ כפר תבור,23/05/2018,5k,5K,5000,29641,9073,43
מרוץ רהט,18/05/2018,5k,5K,5000,29318,8760,84
מרוץ הכפר ה-5,18/05/2018,10KM,10K,10000,29314,8758,54
מרוץ הכפר ה-5,18/05/2018,05KM,5K,5000,29315,8758,93
מרוץ כהילה,17/05/2018,10KM,10K,10000,29316,8759,79
מרוץ כהילה,17/05/2018,05KM,5K,5000,29317,8759,168
מרוץ יגור 2018,12/05/2018,10k,10K,10000,29311,8756,47
מרוץ ג' למען מלאכיות הדממה,12/05/2018,10k,10K,10000,29306,8755,179
מרוץ ג' למען מלאכיות הדממה,12/05/2018,2k,2K,2000,29307,8755,156
מרוץ ג' למען מלאכיות הדממה,12/05/2018,5k,5K,5000,29308,8755,164
מרוץ עופרה 2018,11/05/2018,"5 ק""מ נשים",5K,5000,29273,8749,12
מרוץ חופים SOLGAR נתניה 2018,11/05/2018,"15 ק""מ",15K,15000,29254,8746,416
מרוץ התבור 2018,11/05/2018,5.6k IDF,,5600,29280,8750,119
מרוץ עופרה 2018,11/05/2018,"2 ק""מ גברים",2K,2000,29274,8749,27
מרוץ חופים SOLGAR נתניה 2018,11/05/2018,"10 ק""מ",10K,10000,29255,8746,561
מרוץ מהמדבר לים 2018,11/05/2018,25k,,25000,29281,8751,114
מרוץ עופרה 2018,11/05/2018,"2 ק""מ נשים",2K,2000,29275,8749,15
מרוץ חופים SOLGAR נתניה 2018,11/05/2018,"5 ק""מ",5K,5000,29256,8746,420
מרוץ מהמדבר לים 2018,11/05/2018,D2S,,50000,29282,8751,189
מרוץ התבור 2018,11/05/2018,10.6k,,10600,29276,8750,223
אליפות אפרת גוש עציון,11/05/2018,חצי מרתון,H.Marathon,21097,29257,8747,95
מרוץ גבעת שמואל 2018,11/05/2018,10KM,10K,10000,29251,8745,504
מרוץ בית אריה 2018,11/05/2018,21k,,21000,29301,8753,18
מרוץ התבור 2018,11/05/2018,5.6k,,5600,29277,8750,111
אליפות אפרת גוש עציון,11/05/2018,"10 ק""מ",10K,10000,29258,8747,159
מרוץ גבעת שמואל 2018,11/05/2018,05KM,5K,5000,29252,8745,542
מרוץ בית אריה 2018,11/05/2018,5k,5K,5000,29302,8753,98
מרוץ התבור 2018,11/05/2018,2k,2K,2000,29278,8750,50
אליפות אפרת גוש עציון,11/05/2018,"5 ק""מ",5K,5000,29259,8747,408
מרוץ עופרה 2018,11/05/2018,"5 ק""מ גברים",5K,5000,29272,8749,34
מרוץ חופים SOLGAR נתניה 2018,11/05/2018,חצי מרתון,H.Marathon,21097,29253,8746,170
מרוץ בית אריה 2018,11/05/2018,10k,10K,10000,29303,8753,51
מרוץ התבור 2018,11/05/2018,10.6k IDF,,10600,29279,8750,149
מרוץ טלמונים 2018,10/05/2018,10KM,10K,10000,29248,8744,62
מרוץ טלמונים 2018,10/05/2018,05KM,5K,5000,29249,8744,219
מרוץ טלמונים 2018,10/05/2018,02KM,2K,2000,29250,8744,134
מרוץ טירת הכרמל,03/05/2018,"5 ק""מ",5K,5000,29262,8748,63
מרוץ הלילה של באר שבע 2018,30/04/2018,10k,10K,10000,29105,8728,1484
מרוץ אקדמיית השוטרים 2018,30/04/2018,10KM,10K,10000,29304,8754,10
מרוץ אקדמיית השוטרים 2018,30/04/2018,05KM,5K,5000,29305,8754,402
מרוץ הלילה של באר שבע 2018,30/04/2018,5k,5K,5000,29104,8728,1497
מרוץ הרצליה 2018,28/04/2018,05KM,5K,5000,29006,8707,441
מרוץ הרצליה 2018,28/04/2018,02KM,2K,2000,29007,8707,885
מרוץ עיינות 2018,28/04/2018,"10 ק""מ",10K,10000,29008,8708,118
מרוץ עיינות 2018,28/04/2018,"4 ק""מ",,4000,29009,8708,276
מרוץ הרצליה 2018,28/04/2018,10KM,10K,10000,29005,8707,1614
מרוץ יאנוח ג'ת,27/04/2018,2k,2K,2000,29107,8729,49
"מרוץ AIS ביה""ס האמריקאי 2018",21/04/2018,4K,,4000,28951,8689,149
מרוץ שפיר 2018,20/04/2018,10B,10K,10000,28980,8701,28
מרוץ שפיר 2018,20/04/2018,10k,10K,10000,28981,8701,151
מרוץ שפיר 2018,20/04/2018,5k,5K,5000,28982,8701,141
מרוץ צהלה 2018,14/04/2018,2.5k,,2500,28934,8682,287
מרוץ צהלה 2018,14/04/2018,10k,10K,10000,28935,8682,194
מרוץ צהלה 2018,14/04/2018,5.4k,,5400,28936,8682,181
מרוץ הרי הגעש 2018,13/04/2018,15k,15K,15000,28921,8678,459
מרוץ שדמות דבורה לזכר נדב ריימונד,13/04/2018,"10 ק""מ",10K,10000,28909,8673,140
"מרוץ עמק חפר לזכר רז גוטרמן ז""ל",13/04/2018,"10 ק""מ",10K,10000,28916,8677,152
מרוץ אליצור השומרון ה-7,13/04/2018,10KM,10K,10000,28910,8674,143
"מרוץ עמק חפר לזכר רז גוטרמן ז""ל",13/04/2018,"5 ק""מ",5K,5000,28917,8677,161
מרוץ אליצור השומרון ה-7,13/04/2018,05KM,5K,5000,28911,8674,102
"מרוץ סביון ה-10, ע""ש עומר (ניניו) חי",13/04/2018,"10 ק""מ",10K,10000,28905,8672,349
"מרוץ עמק חפר לזכר רז גוטרמן ז""ל",13/04/2018,"2 ק""מ בנים",2K,2000,28918,8677,87
בשבילי עמק המעיינות יום ו,13/04/2018,משולב 10+10,10K,10000,28948,8688,31
מרוץ רמלה,13/04/2018,10k,,10000,28912,8675,259
"מרוץ סביון ה-10, ע""ש עומר (ניניו) חי",13/04/2018,"5 ק""מ",5K,5000,28906,8672,389
"מרוץ עמק חפר לזכר רז גוטרמן ז""ל",13/04/2018,"2 ק""מ בנות",2K,2000,28919,8677,138
בשבילי עמק המעיינות יום ו,13/04/2018,"5 ק""מ לזכר אבנר",5K,5000,28949,8688,34
מרוץ רמלה,13/04/2018,5k,,5000,28913,8675,215
"מרוץ סביון ה-10, ע""ש עומר (ניניו) חי",13/04/2018,"2 ק""מ",2K,2000,28907,8672,284
מרוץ הרי הגעש 2018,13/04/2018,30k,,30000,28920,8678,325
בשבילי עמק המעיינות יום ו,13/04/2018,"10 ק""מ בוקר",10K,10000,28950,8688,71
מרוץ אלוני יצחק 2018,13/04/2018,"10 ק""מ",10K,10000,28914,8676,82
מרוץ שבילי עמק המעיינות 2018,12/04/2018,"10 ק""מ בוקר",10K,10000,28945,8687,3
מרוץ שבילי עמק המעיינות 2018,12/04/2018,"50 ק""מ",,50000,28943,8687,12
מרוץ שבילי עמק המעיינות 2018,12/04/2018,"10 ק""מ לזכר אבנר ערב",10K,10000,28944,8687,25
מרוץ לכיש ה-2,05/04/2018,10KM,10K,10000,28770,8649,115
מרוץ לכיש ה-2,05/04/2018,05KM,5K,5000,28771,8649,137
מרוץ לכיש ה-2,05/04/2018,02KM,2K,2000,28772,8649,48
מרוץ הטכניון 2018,28/03/2018,05KM,5K,5000,28670,8637,726
מרוץ מעגן מיכאל 2018,24/03/2018,"5 ק""מ ריצה",5K,5000,28654,8628,99
מרוץ מעגן מיכאל 2018,24/03/2018,"5 ק""מ הליכה",5K,5000,28655,8628,35
מרוץ מעגן מיכאל 2018,24/03/2018,"2 ק""מ",2K,2000,28656,8628,321
מרוץ מעגן מיכאל 2018,24/03/2018,"10 ק""מ",10K,10000,28653,8628,83
מרוץ מזכרת בתיה ה-6,23/03/2018,5k,5K,5000,28641,8624,108
מרוץ בנימין ה-9,23/03/2018,10KM,10K,10000,28642,8625,97
מרוץ בנימין ה-9,23/03/2018,05KM,5K,5000,28643,8625,99
מרוץ הנגב ה-6,23/03/2018,5k,5K,5000,28657,8629,37
לרוץ ברוח טובה 2018,23/03/2018,"ריצה 10 ק""מ",10K,10000,28651,8627,245
מרוץ הנגב ה-6,23/03/2018,2k,2K,2000,28658,8629,22
לרוץ ברוח טובה 2018,23/03/2018,"ריצה 3.5 ק""מ",5K,5000,28652,8627,439
מרוץ מזכרת בתיה ה-6,23/03/2018,2k,2K,2000,28639,8624,38
מרוץ מזכרת בתיה ה-6,23/03/2018,10k,10K,10000,28640,8624,209
מרוץ נשים של תל-אביב,21/03/2018,"נשים 12 ק""מ",,12000,28636,8623,1402
מרוץ נשים של תל-אביב,21/03/2018,"נשים 8 ק""מ",,8000,28637,8623,1973
מרוץ נשים של תל-אביב,21/03/2018,"נשים 4 ק""מ",,4000,28638,8623,1929
מרוץ עין גדי 2018,17/03/2018,2k,2K,2000,28550,8586,83
מרוץ עין גדי 2018,17/03/2018,21k,H.Marathon,21097,28549,8586,180
מרוץ האביב לזכרו של גל לוינסון חצי מרתון רמת השרון,17/03/2018,"5 ק""מ",5K,5000,28555,8587,146
מרוץ האביב לזכרו של גל לוינסון חצי מרתון רמת השרון,17/03/2018,"10 ק""מ",10K,10000,28554,8587,355
מרוץ עין גדי 2018,17/03/2018,10k,10K,10000,28547,8586,216
מרוץ האביב לזכרו של גל לוינסון חצי מרתון רמת השרון,17/03/2018,חצי מרתון,H.Marathon,21097,28553,8587,247
מרוץ עין גדי 2018,17/03/2018,10w,10K,10000,28552,8586,28
מרוץ עין גדי 2018,17/03/2018,5k,5K,5000,28551,8586,77
"מירוץ עדנים ה - 6, 2018",16/03/2018,"5 ק""מ ריצה",5K,5000,28537,8583,156
מרוץ דימונה 2018,16/03/2018,5k,5K,5000,28543,8585,58
"מירוץ עדנים ה - 6, 2018",16/03/2018,"10 ק""מ ריצה",10K,10000,28536,8583,96
מרוץ הגליל העליון 2018,16/03/2018,"5 ק""מ",5K,5000,28542,8584,168
"מירוץ עדנים ה - 6, 2018",16/03/2018,חצי מרתון,H.Marathon,21097,28535,8583,23
מרוץ הגליל העליון 2018,16/03/2018,"15 ק""מ",15K,15000,28541,8584,212
מרוץ ראש העין 2018,16/03/2018,02KM,2K,2000,28561,8581,142
מרוץ ראש העין 2018,16/03/2018,10KM,10K,10000,28531,8581,161
"מירוץ עדנים ה - 6, 2018",16/03/2018,"10 ק""מ רכיבה",10K,10000,28540,8583,2
מרוץ נס ציונה 2018,16/03/2018,2k,2K,2000,28560,8589,296
מרוץ דימונה 2018,16/03/2018,10k,10K,10000,28546,8585,67
מרוץ רעננה 2018,16/03/2018,"ריצה 10 ק""מ",10K,10000,28533,8582,1048
"מירוץ עדנים ה - 6, 2018",16/03/2018,"25 ק""מ רכיבה",5K,5000,28539,8583,32
מרוץ נס ציונה 2018,16/03/2018,5k,5K,5000,28559,8589,275
מרוץ דימונה 2018,16/03/2018,2k,2K,2000,28545,8585,319
מרוץ ראש העין 2018,16/03/2018,05KM,5K,5000,28532,8581,265
מרוץ נס ציונה 2018,16/03/2018,10k,10K,10000,28558,8589,328
מרוץ דימונה 2018,16/03/2018,21k,H.Marathon,21097,28544,8585,53
מרוץ אבן יהודה 2018,10/03/2018,10KM,10K,10000,28512,8571,67
מרוץ עומר 2018,10/03/2018,"2 ק""מ",2K,2000,28524,8578,183
"מרוץ כפר סבא ע""ש רס""ל זיו בלאלי ז""ל",10/03/2018,"ריצה 10 ק""מ",10K,10000,28529,8580,780
מרוץ עומר 2018,10/03/2018,"5 ק""מ",5K,5000,28523,8578,55
מרוץ עומר 2018,10/03/2018,"10 ק""מ",10K,10000,28522,8578,75
מרוץ אבן יהודה 2018,10/03/2018,1.6KM,,1600,28515,8571,220
מרוץ אבן יהודה 2018,10/03/2018,02KM,2K,2000,28514,8571,580
מרוץ אבן יהודה 2018,10/03/2018,05KM,5K,5000,28513,8571,268
Jerusalem Marathon,09/03/2018,10 KM,10K,10000,28497,8568,8121
Jerusalem Marathon,09/03/2018,Half Marathon,H.Marathon,21097,28496,8568,4098
מרוץ בבלי 2018,09/03/2018,800,,800,28502,8569,333
Jerusalem Marathon,09/03/2018,Marathon,Marathon,42195,28495,8568,1260
מרוץ בבלי 2018,09/03/2018,1200,,1200,28501,8569,294
מרוץ בבלי 2018,09/03/2018,3000,,3000,28500,8569,95
מרוץ בבלי 2018,09/03/2018,5000,5K,5000,28499,8569,58
Jerusalem Marathon,09/03/2018,5 KM,5K,5000,28498,8568,5283
רצים לדרום הפורח,03/03/2018,"5 ק""מ גברים",5K,5000,28446,8557,38
רצים לדרום הפורח,03/03/2018,"5 ק""מ נשים",5K,5000,28445,8557,52
רצים לדרום הפורח,03/03/2018,"14 ק""מ גברים",,14000,28444,8557,43
רצים לדרום הפורח,03/03/2018,"14 ק""מ נשים",,14000,28443,8557,26
מרוץ עיר האבות ה-10,23/02/2018,02KM,2K,2000,28170,8285,47
מרתון סמסונג תל-אביב 2018,23/02/2018,"10 ק""מ",10K,10000,28163,8283,13774
מרתון סמסונג תל-אביב 2018,23/02/2018,"5 ק""מ",5K,5000,28165,8283,2
מרוץ עיר האבות ה-10,23/02/2018,21.1KM,,21000,28167,8285,14
מרוץ עיר האבות ה-10,23/02/2018,10KM,10K,10000,28168,8285,33
מרתון סמסונג תל-אביב 2018,23/02/2018,מרתון,Marathon,42195,28161,8283,2168
מרוץ עיר האבות ה-10,23/02/2018,05KM,5K,5000,28169,8285,88
מרתון סמסונג תל-אביב 2018,23/02/2018,חצי מרתון,H.Marathon,21097,28162,8283,8769
מירוץ הכלניות החמישי,16/02/2018,5k,5K,5000,27851,8248,262
מרוץ אור יהודה 2018,16/02/2018,5K,5K,5000,27847,8247,220
מירוץ הכלניות החמישי,16/02/2018,15k,15K,15000,27848,8248,95
מירוץ הכלניות החמישי,16/02/2018,10k,10K,10000,27849,8248,137
מירוץ הכלניות החמישי,16/02/2018,2k,2K,2000,27850,8248,166
מרוץ אור יהודה 2018,16/02/2018,10K,10K,10000,27846,8247,412
מרוץ נתיבות 2018,09/02/2018,5K,5K,5000,27844,8246,131
מרוץ לוד 2018,09/02/2018,5k,5K,5000,27838,8244,269
מרוץ לוד 2018,09/02/2018,10k,10K,10000,27839,8244,331
מרוץ לוד 2018,09/02/2018,"5k מג""ב",5K,5000,27840,8244,367
מרוץ נתיבות 2018,09/02/2018,10k,10K,10000,27845,8246,123
מרוץ ירוחם 2018,02/02/2018,10k,10K,10000,27842,8245,151
מרוץ ירוחם 2018,02/02/2018,5k,5K,5000,27843,8245,175
"מרוץ הבית ה-3 ע""ש עומר מנוס",19/01/2018,"21.1 ק""מ ריצה תחרותית",H.Marathon,21097,27496,8162,214
"מרוץ הבית ה-3 ע""ש עומר מנוס",19/01/2018,"10 ק""מ ריצה תחרותית",10K,10000,27494,8162,388
"מרוץ הבית ה-3 ע""ש עומר מנוס",19/01/2018,"5 ק""מ ריצה תחרותית",5K,5000,27495,8162,163
International Tiberias Winner Marathon 2018,07/01/2018,10km,10K,10000,27483,8157,787
International Tiberias Winner Marathon 2018,07/01/2018,Half Marathon,H.Marathon,21097,27482,8157,1261
International Tiberias Winner Marathon 2018,07/01/2018,Marathon,Marathon,42195,27481,8157,1359
מרוץ הוד השרון ה-9,29/12/2017,"5 ק""מ ריצה תחרותית",5K,5000,27212,7891,415
מרוץ הוד השרון ה-9,29/12/2017,"10 ק""מ ריצה תחרותית",10K,10000,27211,7891,478
מרוץ התחתונים ה-7,29/12/2017,5k,5K,5000,27492,8161,509
מרוץ התחתונים ה-7,29/12/2017,10k,10K,10000,27493,8161,509
"מרוץ הערבה ע""ש יוני פרידמן",26/12/2017,חצי מרתון,H.Marathon,21097,27478,8156,77
"מרוץ הערבה ע""ש יוני פרידמן",26/12/2017,5קמ,,5000,27480,8156,127
"מרוץ הערבה ע""ש יוני פרידמן",26/12/2017,10קמ,,10000,27479,8156,120
Christmas run 2017,22/12/2017,"10 ק""מ ריצה תחרותית",10K,10000,27103,7878,170
Christmas run 2017,22/12/2017,"2 ק""מ ריצה תחרותית",2K,2000,27105,7878,239
Christmas run 2017,22/12/2017,"5 ק""מ ריצה תחרותית",5K,5000,27104,7878,229
מרוץ אלישע דגניה ב' 2017,16/12/2017,"10 ק""מ",10K,10000,27100,7877,22
מרוץ אלישע דגניה ב' 2017,16/12/2017,"5 ק""מ",5K,5000,27101,7877,26
מרוץ אלישע דגניה ב' 2017,16/12/2017,1500 מטר,,1500,27102,7877,64
מרוץ יקנעם ה-1,15/12/2017,"5 ק""מ ריצה תחרותית",5K,5000,27099,7876,248
מרוץ יקנעם ה-1,15/12/2017,"10 ק""מ ריצה תחרותית",10K,10000,27098,7876,250
"מרוץ הלפיד בסוסיא ע""ש דרור ויינברג 2017",11/12/2017,"10 ק""מ ריצה תחרותית",10K,10000,27097,7875,129
מרוץ שליחים כרמל טרייל יום III,09/12/2017,"5 ק""מ",5K,5000,26674,7829,102
מרוץ שליחים כרמל טרייל יום III,09/12/2017,"2.5 ק""מ",5K,5000,26675,7829,11
מרוץ שליחים כרמל טרייל יום III,09/12/2017,"10 ק""מ",10K,10000,26673,7829,59
Moon Run 2017,08/12/2017,21k day,,21000,26662,7828,73
Moon Run 2017,08/12/2017,5k,5K,5000,26663,7828,81
Moon Run 2017,08/12/2017,21k,,21000,26664,7828,84
Moon Run 2017,08/12/2017,10k,10K,10000,26661,7828,115
חצי מרתון עמק המעיינות,01/12/2017,חצי מרתון,H.Marathon,21097,26569,7764,2478
חצי מרתון עמק המעיינות,01/12/2017,"6 ק""מ",,6000,26570,7764,219
חצי מרתון עמק המעיינות,01/12/2017,אופני יד 1/2 מרתון,Marathon,42195,26571,7764,46
מרוץ בניה ה-12 בקרני שומרון,01/12/2017,"10 ק""מ ריצה תחרותית",10K,10000,26576,7765,211
מרוץ עמיצור 2017,28/11/2017,"5 ק""מ ריצה תחרותית",5K,5000,26654,7825,295
מרוץ שפיים 2017,25/11/2017,"10 ק""מ ריצה תחרותית",10K,10000,26544,7757,23
מרוץ שפיים 2017,25/11/2017,"5 ק""מ ריצה תחרותית",5K,5000,26545,7757,32
מרוץ שפיים 2017,25/11/2017,"5 ק""מ הליכה תחרותית",5K,5000,26546,7757,25
מרוץ שפיים 2017,25/11/2017,"2 ק""מ ריצה תחרותית",2K,2000,26547,7757,94
חצי מרתון השרון 2017,24/11/2017,5 קמ,5K,5000,26543,7756,675
"מרוץ באר יעקב ה-1 ע""ש סולומון גברייה",24/11/2017,"10 ק""מ ריצה תחרותית",10K,10000,26536,7754,198
"מרוץ באר יעקב ה-1 ע""ש סולומון גברייה",24/11/2017,"5 ק""מ ריצה תחרותית",5K,5000,26537,7754,162
חצי מרתון השרון 2017,24/11/2017,חצי מרתון,H.Marathon,21097,26541,7756,261
מרוץ העגור 2017,24/11/2017,10k,10K,10000,26534,7753,1072
חצי מרתון השרון 2017,24/11/2017,"10ק""מ",,10000,26542,7756,417
מרוץ העגור 2017,24/11/2017,21k,H.Marathon,21097,26535,7753,630
"מרוץ להבים ה 30 ע""ש סגן שי ארבלי",17/11/2017,"5 ק""מ",5K,5000,26521,7749,71
"מרוץ להבים ה 30 ע""ש סגן שי ארבלי",17/11/2017,"3 ק""מ",,3000,26522,7749,130
Desert Marathon 2017,17/11/2017,Marathon,Marathon,42195,26523,7750,410
Desert Marathon 2017,17/11/2017,Half Marathon,H.Marathon,21097,26524,7750,747
Desert Marathon 2017,17/11/2017,"10 ק""מ",10K,10000,26525,7750,457
"מרוץ האוניברסיטה ה-8 ע""ש נועם גולדמן",17/11/2017,"5 ק""מ ריצה תחרותית",,5000,26519,7748,664
Desert Marathon 2017,17/11/2017,"5 ק""מ",5K,5000,26526,7750,144
"מרוץ להבים ה 30 ע""ש סגן שי ארבלי",17/11/2017,"10 ק""מ",10K,10000,26520,7749,91
ULTRAMAN RIDLEY 2017,14/11/2017,Ultra Run 100k,,100000,26530,7752,7
מרוץ אייל 2017,11/11/2017,"15 ק""מ",15K,15000,26510,7744,2871
מרוץ אייל 2017,11/11/2017,"5 ק""מ",5K,5000,26511,7744,674
מרוץ אייל 2017,11/11/2017,"2 ק""מ",2K,2000,26512,7744,461
ביכורי ים,10/11/2017,3 קילומטר,,3000,26509,7743,158
המרוץ היהודי ערבי,10/11/2017,5k - Normal,5K,5000,26489,7740,354
המרוץ היהודי ערבי,10/11/2017,5k - Olympic,5K,5000,26490,7740,149
מרוץ אינטל ה-3,10/11/2017,"10 ק""מ ריצה תחרותית",10K,10000,26491,7741,58
מרוץ אינטל ה-3,10/11/2017,"5 ק""מ ריצה תחרותית",5K,5000,26492,7741,67
ביכורי ים,10/11/2017,10 קילומטר,,10000,26507,7743,44
מרוץ השלום לזכרו של רבין 2017,08/11/2017,"3.25 ק""מ ריצה תחרותית",,3250,26486,7737,169
מרוץ הדיפלומטים ה-2,05/11/2017,"10 ק""מ ריצה תחרותית",10K,10000,26488,7739,74
מרוץ טבעון,03/11/2017,5k,5K,5000,26449,7730,12
מרוץ מודיעין ה-13,03/11/2017,"21.1 ק""מ ריצה תחרותית",H.Marathon,21097,26444,7729,300
מרוץ חיפה 2017,03/11/2017,חצי מרתון,H.Marathon,21097,26439,7727,591
מרוץ מודיעין ה-13,03/11/2017,"10 ק""מ ריצה תחרותית",10K,10000,26445,7729,469
מרוץ חיפה 2017,03/11/2017,"10 ק""מ",10K,10000,26440,7727,993
מרוץ מודיעין ה-13,03/11/2017,"5 ק""מ ריצה תחרותית",5K,5000,26446,7729,886
מרוץ חיפה 2017,03/11/2017,"5 ק""מ",5K,5000,26441,7727,692
מרוץ טבעון,03/11/2017,1k,,1000,26447,7730,206
"מרוץ הספארי רמת גן ע""ש דוד מלמדוביץ'",03/11/2017,"ריצה 10 ק""מ",,10000,26442,7728,343
"מרוץ הספארי רמת גן ע""ש דוד מלמדוביץ'",03/11/2017,"ריצה 5 ק""מ",,5000,26443,7728,346
מרוץ הלילה של תל-אביב 2017,31/10/2017,"10 ק""מ",10K,10000,26437,7725,17605
מרוץ גיא,28/10/2017,3 קילומטר,,3000,26432,7722,136
מרוץ משגב 2017,28/10/2017,5k,5K,5000,26426,7721,79
מרוץ גיא,28/10/2017,2 קילומטר,2K,2000,26433,7722,215
מרוץ משגב 2017,28/10/2017,10k,10K,10000,26427,7721,78
מרוץ משגב 2017,28/10/2017,2k,2K,2000,26428,7721,68
מרוץ משגב 2017,28/10/2017,15k,15K,15000,26429,7721,35
מרוץ גיא,28/10/2017,10 קילומטר,10K,10000,26430,7722,147
מרוץ גיא,28/10/2017,5 קילומטר,5K,5000,26431,7722,186
מרוץ כוכב יאיר צור יגאל 2017,27/10/2017,"10 ק""מ",,10000,26403,7716,88
מרוץ כוכב יאיר צור יגאל 2017,27/10/2017,"5 ק""מ",,5000,26404,7716,181
מרוץ כוכב יאיר צור יגאל 2017,27/10/2017,"2.5 ק""מ",,2500,26405,7716,387
חצי מרתון גליל מערבי,27/10/2017,חצי מרתון,H.Marathon,21097,26399,7715,127
חצי מרתון גליל מערבי,27/10/2017,"10 ק""מ",10K,10000,26400,7715,162
חצי מרתון גליל מערבי,27/10/2017,"5 ק""מ",,5000,26401,7715,148
מרוץ בית יצחק 2017,20/10/2017,5k,5K,5000,26391,7710,155
port2port 2017,20/10/2017,1.8km,,1800,26374,7705,304
מרוץ בית יצחק 2017,20/10/2017,2k,2K,2000,26392,7710,145
מרוץ חבר,20/10/2017,"15ק""מ",,15000,26371,7704,689
מרוץ חבר,20/10/2017,"10ק""מ",,10000,26372,7704,1001
מרוץ חבר,20/10/2017,"5 ק""מ",,5000,26373,7704,773
מרוץ בית יצחק 2017,20/10/2017,10k,10K,10000,26390,7710,107
מרוץ דקל הטום - אילת 2017,20/10/2017,10 קמ ריצה,,10000,26376,7706,331
ספורטיאדה יום I,18/10/2017,"ריצה 5 ק""מ",5K,5000,26367,7703,211
מרוץ רצים בדרכם 2017,17/10/2017,"8 ק""מ ריצה תחרותית",,8000,26365,7702,129
מרוץ רצים בדרכם 2017,17/10/2017,"4 ק""מ ריצה תחרותית",,4000,26366,7702,123
"מרוץ גליל ים ה-34 ע""ש זיו גרוך",14/10/2017,"10 ק""מ ריצה תחרותית",10K,10000,26330,7692,121
"מרוץ גליל ים ה-34 ע""ש זיו גרוך",14/10/2017,"5 ק""מ ריצה תחרותית",5K,5000,26331,7692,169
"מרוץ גליל ים ה-34 ע""ש זיו גרוך",14/10/2017,"2 ק""מ ריצה תחרותית",2K,2000,26332,7692,82
מרוץ הר איתן ה-4,13/10/2017,"8 ק""מ",,8000,26326,7691,111
מרוץ הר איתן ה-4,13/10/2017,"16 ק""מ",,16000,26327,7691,111
מרוץ הלילה של נהריה 2017,10/10/2017,"5 ק""מ",5K,5000,26323,7689,363
מרוץ הלילה של נהריה 2017,10/10/2017,"3 ק""מ",,3000,26324,7689,186
מרוץ הלילה של נהריה 2017,10/10/2017,"10 ק""מ",10K,10000,26322,7689,582
מרוץ נחל שורק ה-8,06/10/2017,"2 ק""מ ריצה תחרותית",2K,2000,26296,7678,137
"מרתון התנ""ך 2017",06/10/2017,מרתון,Marathon,42195,26290,7677,124
"מרתון התנ""ך 2017",06/10/2017,חצי מרתון,H.Marathon,21097,26291,7677,215
מרוץ הסמטה 2017,06/10/2017,5k,5K,5000,26285,7675,274
"מרתון התנ""ך 2017",06/10/2017,"10 ק""מ",10K,10000,26292,7677,193
מרוץ הסמטה 2017,06/10/2017,10k,10K,10000,26286,7675,226
"מרתון התנ""ך 2017",06/10/2017,"5 ק""מ",5K,5000,26293,7677,290
מרוץ נחל שורק ה-8,06/10/2017,"10 ק""מ ריצה תחרותית",10K,10000,26294,7678,216
מרוץ נחל שורק ה-8,06/10/2017,"5 ק""מ ריצה תחרותית",5K,5000,26295,7678,223
"מרוץ המעפיל ה-4, 2017",05/10/2017,"10 ק""מ",,10000,26287,7676,17
"מרוץ המעפיל ה-4, 2017",05/10/2017,"5 ק""מ",,5000,26288,7676,29
"מרוץ המעפיל ה-4, 2017",05/10/2017,"2 ק""מ",,2000,26289,7676,94
שביל הבנים הדרוזים 2017,15/09/2017,"15 ק""מ",,15000,26234,7649,246
שביל הבנים הדרוזים 2017,15/09/2017,"10 ק""מ",,10000,26235,7649,783
שביל הבנים הדרוזים 2017,15/09/2017,"5 ק""מ",,5000,26236,7649,1143
מרוץ פתיחת ליגת רצים בעבודה 2017,15/09/2017,"5 ק""מ ריצה תחרותית",5K,5000,26237,7650,369
מרוץ כפר ורדים 2017,15/09/2017,"2 ק""מ ריצה תחרותית",2K,2000,26240,7651,44
מרוץ תנך תשח 2017,14/09/2017,30k,,30000,26228,7648,140
מרוץ תנך תשח 2017,14/09/2017,50k,,50000,26230,7648,56
מרוץ תנך תשח 2017,14/09/2017,100k,,100000,26227,7648,45
מרוץ נשים ירושלים,11/09/2017,10km,10K,10000,26225,7647,318
מרוץ נשים ירושלים,11/09/2017,5km,5K,5000,26226,7647,431
ערד מצדה לזריחה,08/09/2017,11k,,11000,26202,7638,361
ערד מצדה לזריחה,08/09/2017,21.1k,H.Marathon,21097,26203,7638,586
חצי מרתון פארק הירקון ה-11,08/09/2017,21.1 ריצה תחרותית,H.Marathon,21097,26199,7637,353
חצי מרתון פארק הירקון ה-11,08/09/2017,"10 ק""מ ריצה תחרותית",10K,10000,26200,7637,174
חצי מרתון פארק הירקון ה-11,08/09/2017,"5 ק""מ ריצה תחרותית",5K,5000,26201,7637,70
מרוץ הילדים אלתרמנס ה-4,07/09/2017,"2 ק""מ ריצה תחרותית",2K,2000,26197,7636,71
אולטרה טרייל חיפה 2017,07/09/2017,"10 ק""מ NIGHT RUN",,10000,26204,7639,334
מרוץ הילדים אלתרמנס ה-4,07/09/2017,"1 ק""מ ריצה תחרותית",,1000,26198,7636,66
מרוץ גלעד ה-13 ברעננה,02/09/2017,"5 ק""מ ריצה תחרותית",5K,5000,26191,7632,370
מרוץ הלילה של כפר סבא,13/07/2017,"7 ק""מ",,7000,25897,7574,937
מרוץ הלילה של כפר סבא,13/07/2017,"3 ק""מ",,3000,25898,7574,817
מרוץ נשים בשבילי היער,07/07/2017,"10 ק""מ ריצה תחרותית",,10000,25677,7566,64
מרוץ נשים בשבילי היער,07/07/2017,"5 ק""מ ריצה תחרותית",,5000,25678,7566,131
Jaybird desert Night Run מצפה רמון,06/07/2017,10 קילומטר,10K,10000,25675,7565,436
Jaybird desert Night Run מצפה רמון,06/07/2017,5 קילומטר,5K,5000,25676,7565,411
Jaybird desert Night Run מצפה רמון,06/07/2017,חצי מרתון,H.Marathon,21097,25674,7565,244
מרוץ מג'אר,30/06/2017,"5 ק""מ",5K,5000,23593,7237,44
מרוץ מג'אר,30/06/2017,"10 ק""מ",10K,10000,23592,7237,78
Sail TLV,17/06/2017,"5 ק""מ",,5000,23459,7220,68
מרוץ אבנר ארד ה - 3,17/06/2017,"8.6 ק""מ",,8600,23457,7219,175
Sail TLV,17/06/2017,"3 ק""מ",,3000,23460,7220,184
Sail TLV,17/06/2017,"1.5 ק""מ",5K,5000,23461,7220,135
"מרוץ שחר ה -III , באלוני הבשן",16/06/2017,"15 ק""מ",15K,15000,23435,7215,52
"מרוץ שחר ה -III , באלוני הבשן",16/06/2017,"10 ק""מ",10K,10000,23436,7215,54
"מרוץ שחר ה -III , באלוני הבשן",16/06/2017,"5 ק""מ",5K,5000,23437,7215,61
מרוץ אדל ה-1,15/06/2017,"10 ק""מ ריצה תחרותית",10K,10000,23451,7217,135
מרוץ אדל ה-1,15/06/2017,"5 ק""מ ריצה תחרותית",5K,5000,23452,7217,207
"טריאתהוד השרון ה-9, ע""ש שלמה אילני ז""ל",10/06/2017,בנים 10,10K,10000,23402,7211,42
"טריאתהוד השרון ה-9, ע""ש שלמה אילני ז""ל",10/06/2017,שלשות 10-11,10K,10000,23409,7211,12
"טריאתהוד השרון ה-9, ע""ש שלמה אילני ז""ל",10/06/2017,בנות 10,10K,10000,23403,7211,25
מרוץ סיום עונת 2016-2017 ליגת רצים בעבודה,09/06/2017,"5 ק""מ ריצה תחרותית",5K,5000,23399,7210,302
מרוץ נחל - רצים להצלחה עם אגודת ניצן,08/06/2017,5 קילומטר,5K,5000,23376,7207,416
מרוץ נחל - רצים להצלחה עם אגודת ניצן,08/06/2017,10 קילומטר,10K,10000,23375,7207,765
מרוץ נחל - רצים להצלחה עם אגודת ניצן,08/06/2017,חצי מרתון,H.Marathon,21097,23374,7207,206
מרוץ וצעדת MS ישראל 2017,02/06/2017,"10 ק""מ ריצה תחרותית",10K,10000,23216,7195,279
מרוץ טלמונים ה-10,01/06/2017,"10 ק""מ ריצה תחרותית",10K,10000,23190,7191,106
מרוץ טלמונים ה-10,01/06/2017,"5 ק""מ ריצה תחרותית",5K,5000,23191,7191,176
מרוץ טלמונים ה-10,01/06/2017,"2 ק""מ ריצה תחרותית",2K,2000,23192,7191,100
מרוץ הבינתחומי ה-4,29/05/2017,"2 ק""מ ריצה תחרותית",2K,2000,23171,7184,17
מרוץ הבינתחומי ה-4,29/05/2017,"5 ק""מ ריצה תחרותית",5K,5000,23170,7184,196
מרוץ יגור 2017,27/05/2017,10k,10K,10000,23163,7180,63
מרוץ הכפר ה-4,26/05/2017,"10 ק""מ ריצה תחרותית",10K,10000,23147,7506,113
מרוץ הכפר ה-4,26/05/2017,"5 ק""מ ריצה תחרותית",5K,5000,23148,7506,133
Matrix Night Run 2,25/05/2017,"10 ק""מ ריצה תחרותית",10K,10000,23142,7176,376
Matrix Night Run 2,25/05/2017,"5 ק""מ ריצה תחרותית",5K,5000,23143,7176,247
מרוץ משמר הנגב ה-5,20/05/2017,"10 ק""מ ריצה תחרותית",10K,10000,23038,7164,47
מרוץ משמר הנגב ה-5,20/05/2017,"5 ק""מ ריצה תחרותית",5K,5000,23039,7164,68
מרוץ משמר הנגב ה-5,20/05/2017,"1.5 ק""מ ריצה תחרותית",,1500,23041,7164,78
מירוץ שוהם וחבל מודיעין,19/05/2017,2.5 קמ תחרותי,5K,5000,24956,7171,125
"מרוץ ברנר ה-2 ע""ש אורלי שחף",19/05/2017,"10 ק""מ ריצה תחרותית",10K,10000,23035,7162,155
מירוץ שוהם וחבל מודיעין,19/05/2017,5 קמ תחרותי,5K,5000,24957,7171,151
"מרוץ ברנר ה-2 ע""ש אורלי שחף",19/05/2017,"5 ק""מ ריצה תחרותית",5K,5000,23036,7162,175
מירוץ שוהם וחבל מודיעין,19/05/2017,10 קמ תחרותי,10K,10000,24958,7171,113
מרוץ הלילה ה-8 בקרית גת,18/05/2017,"5 ק""מ ריצה תחרותית",5K,5000,23034,7161,156
מרוץ הלילה ה-8 בקרית גת,18/05/2017,"10 ק""מ ריצה תחרותית",10K,10000,23033,7161,248
מרוץ חבל יבנה,14/05/2017,2k,2K,2000,23031,7160,89
מרוץ טירת הכרמל 2017,14/05/2017,"5 ק""מ",,5000,23027,7157,97
מרוץ חבל יבנה,14/05/2017,5k,5K,5000,23032,7160,55
מרוץ חופים 2017,12/05/2017,"5 ק""מ",5K,5000,22987,7147,344
אליפות אפרת גוש עציון,12/05/2017,5k,5K,5000,23009,7152,473
מרוץ חופים 2017,12/05/2017,"2 ק""מ עממי",2K,2000,22988,7147,5
אליפות אפרת גוש עציון,12/05/2017,21k,,21000,23010,7152,95
אליפות אפרת גוש עציון,12/05/2017,10k,10K,10000,23011,7152,144
מרוץ גבעת שמואל ה-8,12/05/2017,"10 ק""מ ריצה תחרותית",10K,10000,22991,7149,569
מרוץ דרור - בית אריה,12/05/2017,חצי מרתון,H.Marathon,21097,22993,7150,25
מרוץ גבעת שמואל ה-8,12/05/2017,"5 ק""מ ריצה תחרותית",5K,5000,22992,7149,528
מרוץ דרור - בית אריה,12/05/2017,"10 ק""מ",10K,10000,22994,7150,77
אליפות ישראל בריצת-הרים,12/05/2017,10k,10K,10000,23013,7153,217
מרוץ חופים 2017,12/05/2017,"15 ק""מ",15K,15000,22985,7147,542
מרוץ דרור - בית אריה,12/05/2017,"5 ק""מ",5K,5000,22995,7150,140
אליפות ישראל בריצת-הרים,12/05/2017,5k,5K,5000,23014,7153,117
מרוץ חופים 2017,12/05/2017,"10 ק""מ",10K,10000,22986,7147,496
מרוץ הלילה של באר שבע,11/05/2017,5km,,5000,22951,7142,1415
מרוץ בית שמש 2017,11/05/2017,"5 ק""מ ריצה תחרותית",5K,5000,22989,7148,670
מרוץ בית שמש 2017,11/05/2017,"2 ק""מ ריצה תחרותית",2K,2000,22990,7148,184
מרוץ הלילה של באר שבע,11/05/2017,10km,,10000,22950,7142,1458
מרוץ דליה 2017,06/05/2017,"1,200 מטר ריצה תחרותית",,1200,22934,7134,18
מרוץ דליה 2017,06/05/2017,"1,000 מטר ריצה תחרותית",,1000,22935,7134,48
מרוץ דליה 2017,06/05/2017,"10 ק""מ ריצה תחרותית",10K,10000,22932,7134,46
מרוץ דליה 2017,06/05/2017,"5 ק""מ ריצה תחרותית",5K,5000,22933,7134,120
מרוץ שפיר 2017,05/05/2017,"10 ק""מ ריצה תחרותית",10K,10000,22888,7128,195
מרוץ התבור ה-65,05/05/2017,"10.5 ק""מ צבא",,10500,22893,7129,62
מרוץ שפיר 2017,05/05/2017,"5 ק""מ ריצה תחרותית",5K,5000,22889,7128,145
מרוץ התבור ה-65,05/05/2017,"10.5 ק""מ",,10500,22892,7129,252
מרוץ שפיר 2017,05/05/2017,"2 ק""מ ריצה תחרותית",2K,2000,22890,7128,92
מרוץ מהמדבר לים,05/05/2017,D2S,,50000,22921,7132,274
מרוץ שפיר 2017,05/05/2017,"10 ק""מ רכיבה תחרותית",10K,10000,22891,7128,21
מירוץ נחלים ה-4,02/05/2017,"10 ק""מ גברים",,10000,22883,7127,25
מירוץ נחלים ה-4,02/05/2017,"10 ק""מ נשים",,10000,22884,7127,7
מירוץ נחלים ה-4,02/05/2017,"2 ק""מ",,2000,22885,7127,56
מירוץ נחלים ה-4,02/05/2017,"5 ק""מ גברים",,5000,22886,7127,38
מירוץ נחלים ה-4,02/05/2017,"5 ק""מ נשים",,5000,22887,7127,3
מרוץ ג למען מלאכיות הדממה,29/04/2017,10 קילומטר ריצה,,10000,22784,7120,141
"מרוץ הרצליה 2017 ע""ש יוסי אבני",29/04/2017,"10 ק""מ ריצה תחרותית",10K,10000,22785,7505,1705
מרוץ ג למען מלאכיות הדממה,29/04/2017,5 קילומטר ריצה,,5000,22783,7120,183
"מרוץ הרצליה 2017 ע""ש יוסי אבני",29/04/2017,"5 ק""מ ריצה תחרותית",5K,5000,22786,7505,433
מרוץ ג למען מלאכיות הדממה,29/04/2017,3 קילומטר ריצה,,3000,22782,7120,115
"מרוץ הרצליה 2017 ע""ש יוסי אבני",29/04/2017,"2 ק""מ ריצה תחרותית",2K,2000,22787,7505,828
מרוץ ג למען מלאכיות הדממה,29/04/2017,2 קילומטר ריצה,,2000,22781,7120,137
מרוץ הרי הגעש,28/04/2017,15k,,15000,22758,7114,108
מרוץ הרי הגעש,28/04/2017,30k,,30000,22759,7114,217
מרוץ נווה עמיאל השני,28/04/2017,ריצה 10 קמ,,10000,22773,7116,149
מרוץ נווה עמיאל השני,28/04/2017,"ריצה 5 ק""מ",,5000,22774,7116,153
מרוץ ערב אשדוד,27/04/2017,"5 ק""מ",5K,5000,22757,7113,341
מרוץ אוניברסיטת חיפה 2017,26/04/2017,"5 ק""מ ריצה תחרותית",5K,5000,22756,7112,174
מרוץ קאנטרי צהלה ה-10,22/04/2017,2.5 קילומטר ריצה,,2500,22666,7094,272
מרוץ קאנטרי צהלה ה-10,22/04/2017,10 קילומטר ריצה,,10000,22664,7094,227
מרוץ קאנטרי צהלה ה-10,22/04/2017,5.4 קילומטר ריצה,,5400,22665,7094,193
מרוץ בנימין ה-8,21/04/2017,"10 ק""מ ריצה תחרותית",10K,10000,22631,7087,109
מרוץ בנימין ה-8,21/04/2017,"5 ק""מ ריצה תחרותית",5K,5000,24358,7087,140
מרוץ בנימין ה-8,21/04/2017,"10 ק""מ הליכה תחרותית",10K,10000,22633,7087,3
מרוץ מרום הגליל ה-5,14/04/2017,"10 ק""מ ריצה תחרותית",10K,10000,22623,7082,139
מרוץ מרום הגליל ה-5,14/04/2017,"5 ק""מ ריצה תחרותית",5K,5000,22624,7082,100
מרוץ בנימינה וגבעת עדה 2017,13/04/2017,"15 ק""מ ריצה תחרותית",15K,15000,22615,7078,93
מרוץ בנימינה וגבעת עדה 2017,13/04/2017,"10 ק""מ ריצה תחרותית",10K,10000,22616,7078,144
מרוץ בנימינה וגבעת עדה 2017,13/04/2017,"4 ק""מ ריצה תחרותית",,4000,22617,7078,198
מרוץ מגלן,07/04/2017,"2 ק""מ",,2000,24888,7067,93
"מרוץ לכיש 2017 ע""ש אמיר מימוני",07/04/2017,"5 ק""מ ריצה תחרותית",5K,5000,22599,7068,138
מרוץ  שדמות דבורה לזכר נדב ריימונד,07/04/2017,"10 ק""מ",10K,10000,22603,7070,100
מרוץ מזכרת בתיה 2017,07/04/2017,2k,2K,2000,22602,7069,59
מרוץ מגלן,07/04/2017,"10 ק""מ",,10000,24886,7067,307
מרוץ מזכרת בתיה 2017,07/04/2017,5k,5K,5000,22600,7069,89
מרוץ מגלן,07/04/2017,"5 ק""מ",,5000,24887,7067,162
"מרוץ לכיש 2017 ע""ש אמיר מימוני",07/04/2017,"10 ק""מ ריצה תחרותית",10K,10000,22598,7068,110
מרוץ מזכרת בתיה 2017,07/04/2017,10k,10K,10000,22601,7069,227
מרוץ הנשים של תל-אביב 2017,05/04/2017,"נשים 12 ק""מ",,12000,22558,7062,1691
מרוץ הנשים של תל-אביב 2017,05/04/2017,"נשים 8 ק""מ",,8000,22559,7062,2477
מרוץ הנשים של תל-אביב 2017,05/04/2017,"נשים 4 ק""מ",,4000,22560,7062,2392
מרוץ הטכניון 2017,05/04/2017,"5 ק""מ ריצה תחרותית",5K,5000,22557,7061,960
"מרוץ האביב רמה""ש 2017",01/04/2017,חצי מרתון,H.Marathon,21097,22445,7038,312
"מרוץ האביב רמה""ש 2017",01/04/2017,"10 ק""מ",10K,10000,22447,7038,477
"מרוץ האביב רמה""ש 2017",01/04/2017,"5 ק""מ",5K,5000,22448,7038,144
מרוץ אלקנה,31/03/2017,10k Women,10K,10000,22434,7035,5
"שבילי עמק המעיינות II, 2107",31/03/2017,"10 ק""מ",10K,10000,22466,7042,35
לרוץ ברוח טובה 2017,31/03/2017,"ריצה 10 ק""מ",10K,10000,22430,7033,335
מרוץ לוד 2017,31/03/2017,2k,2K,2000,22427,7032,122
מרוץ אלקנה,31/03/2017,10k Men,10K,10000,22435,7035,39
מרוץ אלוני יצחק 2017,31/03/2017,"10 ק""מ",,10000,22432,7034,86
לרוץ ברוח טובה 2017,31/03/2017,"ריצה 3.5 ק""מ",,3500,22431,7033,468
מרוץ לוד 2017,31/03/2017,5k,5K,5000,22428,7032,578
מרוץ אלקנה,31/03/2017,5k Women,5K,5000,22436,7035,20
מרוץ אלוני יצחק 2017,31/03/2017,"5.5 ק""מ",,5500,24932,7034,105
מרוץ לוד 2017,31/03/2017,מגב,5K,5000,22449,7032,344
מרוץ אלקנה,31/03/2017,5k Men,5K,5000,22437,7035,101
"מרוץ אליצור השומרון ע""ש גלעד זר 2017",31/03/2017,"10 ק""מ ריצה תחרותית",10K,10000,22438,7036,101
מרוץ לוד 2017,31/03/2017,10k,10K,10000,22429,7032,327
"מרוץ אליצור השומרון ע""ש גלעד זר 2017",31/03/2017,"5 ק""מ ריצה תחרותית",5K,5000,22439,7036,100
בשבילי עמק המעיינות I,30/03/2017,משולב 20+10,10K,10000,22443,7037,5
בשבילי עמק המעיינות I,30/03/2017,"5 ק""מ לזכר אבנר",5K,5000,22444,7037,31
בשבילי עמק המעיינות I,30/03/2017,"5 ק""מ",5K,5000,22467,7037,15
בשבילי עמק המעיינות I,30/03/2017,משולב 10+10,10K,10000,22440,7037,9
בשבילי עמק המעיינות I,30/03/2017,"10 ק""מ לזכר אבנר",10K,10000,22442,7037,21
מרוץ אבן יהודה ה-9,25/03/2017,"10 ק""מ ריצה תחרותית",10K,10000,22020,6988,76
מרוץ עומר 2017,25/03/2017,"10 ק""מ",10K,10000,22015,6986,107
מרוץ אבן יהודה ה-9,25/03/2017,"5 ק""מ ריצה תחרותית",5K,5000,22021,6988,278
מרוץ עומר 2017,25/03/2017,"5 ק""מ",5K,5000,22016,6986,118
מרוץ אבן יהודה ה-9,25/03/2017,"2 ק""מ ריצה תחרותית",2K,2000,22022,6988,739
מרוץ עומר 2017,25/03/2017,"2 ק""מ",2K,2000,22017,6986,200
מרוץ עיינות,25/03/2017,"10 ק""מ",10K,10000,22018,6987,156
מרוץ עיינות,25/03/2017,"4 ק""מ",,4000,22019,6987,249
מרוץ אור יהודה 2017,24/03/2017,"10 ק""מ ריצה תחרותית",10K,10000,22000,6980,303
סבב אליפות אירופה מים פתוחים,24/03/2017,Women 5km,5K,5000,22006,6983,18
מרוץ עדנים 2017,24/03/2017,"5 ק""מ ריצה",5K,5000,22007,6984,160
מרוץ עדנים 2017,24/03/2017,חצי מרתון,H.Marathon,21097,22009,6984,21
מרוץ דימונה טבע טק,24/03/2017,2k,2K,2000,22045,6994,277
מרוץ רעננה 2017,24/03/2017,"ריצה 10 ק""מ",10K,10000,22002,6982,1146
מרוץ עדנים 2017,24/03/2017,"10 ק""מ ריצה",10K,10000,22010,6984,90
מרוץ דימונה טבע טק,24/03/2017,5k,5K,5000,22046,6994,33
סבב אליפות אירופה מים פתוחים,24/03/2017,Men 5km,5K,5000,22005,6983,21
מרוץ דימונה טבע טק,24/03/2017,10k,10K,10000,22047,6994,30
"מרוץ האוניברסיטה ה-7 ע""ש נועם גולדמן",22/03/2017,"5 ק""מ ריצה תחרותית",,5000,22001,7502,427
מרוץ בבלי ה-2,17/03/2017,5000 מטר תחרותי,5K,5000,21986,6974,57
Jerusalem Marathon 2017,17/03/2017,5KM,5K,5000,28509,6975,2984
מרוץ בבלי ה-2,17/03/2017,1200 מטר תחרותי,,1200,21988,6974,578
Jerusalem Marathon 2017,17/03/2017,10KM,10K,10000,28508,6975,7990
Jerusalem Marathon 2017,17/03/2017,42.2KM,Marathon,42195,28506,6975,1373
Jerusalem Marathon 2017,17/03/2017,21.1KM,H.Marathon,21097,28507,6975,4747
אקווטלון האקדמיה בוינגייט,11/03/2017,מיני ספרינט בנים 14-15,15K,15000,21971,6969,65
אקווטלון האקדמיה בוינגייט,11/03/2017,מיני ספרינט בנות 14-15,15K,15000,21972,6969,29
אקווטלון האקדמיה בוינגייט,11/03/2017,בנים 10,10K,10000,21967,6969,25
אקווטלון האקדמיה בוינגייט,11/03/2017,בנות 10-11,10K,10000,21968,6969,36
מרוץ כפר-סבא 2017,11/03/2017,"ריצה 10 ק""מ",10K,10000,21964,7468,1129
רצים לדרום הפורח 2017,04/03/2017,14 קילומטרים נשים,,14000,21955,6966,33
מרוץ נס ציונה,04/03/2017,10 קילומטר ריצה,,10000,21952,6963,408
רצים לדרום הפורח 2017,04/03/2017,14 קילומטרים גברים,,14000,21956,6966,30
מרוץ נס ציונה,04/03/2017,5 קילומטר ריצה,,5000,21951,6963,285
רצים לדרום הפורח 2017,04/03/2017,21 קילומטרים נשים,,21000,21957,6966,12
מרוץ נס ציונה,04/03/2017,2 קילומטר,,2000,21950,6963,426
רצים לדרום הפורח 2017,04/03/2017,21 קילומטרים גברים,,21000,21958,6966,36
רצים לדרום הפורח 2017,04/03/2017,5 קילומטרים נשים,,5000,21960,6966,56
רצים לדרום הפורח 2017,04/03/2017,5 קילומטרים גברים,,5000,21961,6966,57
מרוץ הנגב ה-5,03/03/2017,5k,5K,5000,25607,7561,41
מרוץ הגליל העליון ה-3,03/03/2017,"15 ק""מ",15K,15000,21937,6959,213
"מרוץ ראש העין ה-7 ע""ש שי דנור",03/03/2017,"5 ק""מ ריצה תחרותית",5K,5000,21945,6961,214
מרוץ הגליל העליון ה-3,03/03/2017,"5 ק""מ",5K,5000,21938,6959,158
"מרוץ ראש העין ה-7 ע""ש שי דנור",03/03/2017,"2 ק""מ ריצה תחרותית",2K,2000,21946,6961,240
"מרוץ ראש העין ה-7 ע""ש שי דנור",03/03/2017,"10 ק""מ ריצה תחרותית",10K,10000,21944,6961,158
מרוץ הלילה של אילת 2017,02/03/2017,"10 ק""מ",10K,10000,21935,6958,189
מרוץ הלילה של אילת 2017,02/03/2017,"5 ק""מ",5K,5000,21936,6958,261
מירוץ הכלניות ה-4,24/02/2017,5k,5K,5000,21931,6956,185
מירוץ הכלניות ה-4,24/02/2017,10k,10K,10000,21932,6956,119
מרתון סמסונג תל-אביב 2017,24/02/2017,מרתון,Marathon,42195,21924,6955,2085
מירוץ הכלניות ה-4,24/02/2017,2k,2K,2000,21933,6956,141
מרתון סמסונג תל-אביב 2017,24/02/2017,חצי מרתון,H.Marathon,21097,21922,6955,7704
מרתון סמסונג תל-אביב 2017,24/02/2017,"10 ק""מ",10K,10000,21926,6955,13171
מרוץ סביון 2017,17/02/2017,"10 ק""מ ריצה תחרותית",10K,10000,21918,6953,319
מרוץ סביון 2017,17/02/2017,"5 ק""מ ריצה תחרותית",5K,5000,21919,6953,448
מרוץ סביון 2017,17/02/2017,"2 ק""מ ריצה תחרותית",2K,2000,21920,6953,204
אליפות ישראל במרוצי שדה,17/02/2017,"בוגרים ארוך,  10,450מ",,10450,21907,6952,118
מרוץ ראשון לציון 2017,03/02/2017,"15 ק""מ",15K,15000,21848,6942,809
מרוץ עיר האבות ה-9,03/02/2017,"2 ק""מ ריצה תחרותית",2K,2000,21852,6943,35
מרוץ ראשון לציון 2017,03/02/2017,"5 ק""מ",5K,5000,21849,6942,447
מרוץ עיר האבות ה-9,03/02/2017,"10 ק""מ ריצה תחרותית",10K,10000,21850,6943,55
מרוץ עיר האבות ה-9,03/02/2017,"5 ק""מ ריצה תחרותית",5K,5000,21851,6943,88
גביע הים האדום,28/01/2017,5 קילומטר,,5000,21845,6941,57
"מרוץ הבית ה -2 ע""ש עומר מנוס",20/01/2017,"21.1 ק""מ ריצה תחרותית",H.Marathon,21097,21763,7496,358
"מרוץ הבית ה -2 ע""ש עומר מנוס",20/01/2017,"10 ק""מ ריצה תחרותית",10K,10000,21764,7496,654
"מרוץ הבית ה -2 ע""ש עומר מנוס",20/01/2017,"5 ק""מ ריצה תחרותית",5K,5000,21765,7496,115
מרוץ ירוחם ה-4 'בין מכתש לאגם',13/01/2017,"10 ק""מ ריצה תחרותית",10K,10000,21755,6928,217
מרוץ ירוחם ה-4 'בין מכתש לאגם',13/01/2017,"5 ק""מ ריצה תחרותית",5K,5000,21756,6928,217
"מרוץ הערבה, ע""ש יוני פרידמן",07/01/2017,חצי מרתון,H.Marathon,21097,21723,6903,73
"מרוץ הערבה, ע""ש יוני פרידמן",07/01/2017,10קמ,,10000,21724,6903,147
"מרוץ הערבה, ע""ש יוני פרידמן",07/01/2017,5קמ,,5000,21725,6903,121
מרתון Winner טבריה 2017,06/01/2017,10km,10K,10000,21720,6901,1170
מרוץ נתיבות ה-1,06/01/2017,"5 ק""מ ריצה תחרותית",5K,5000,21722,6902,113
מרתון Winner טבריה 2017,06/01/2017,Marathon,Marathon,42195,21719,6901,1328
מרוץ נתיבות ה-1,06/01/2017,"10 ק""מ ריצה תחרותית",10K,10000,21721,6902,111
מרוץ התחתונים ה-6,30/12/2016,10 קילומטר ריצה,,10000,21702,6886,288
מרוץ התחתונים ה-6,30/12/2016,5 קילומטר ריצה,,5000,21701,6886,356
מרוץ שפיים 2016,24/12/2016,"2 ק""מ ריצה",2K,2000,21623,6876,76
מרוץ שפיים 2016,24/12/2016,"5 ק""מ הליכה",5K,5000,21624,6876,21
מרוץ שפיים 2016,24/12/2016,"10 ק""מ ריצה",10K,10000,21621,6876,15
מרוץ שפיים 2016,24/12/2016,"5 ק""מ ריצה",5K,5000,21622,6876,27
Christmas Run 2016,23/12/2016,"6 ק""מ ריצה תחרותית",,6000,21619,6875,169
Christmas Run 2016,23/12/2016,"2 ק""מ ריצה תחרותית",2K,2000,21620,6875,199
מרוץ הוד השרון ה-8,23/12/2016,"10 ק""מ ריצה תחרותית",10K,10000,21615,6873,655
מרוץ הוד השרון ה-8,23/12/2016,"5 ק""מ ריצה תחרותית",5K,5000,21616,6873,376
Christmas Run 2016,23/12/2016,"10 ק""מ ריצה תחרותית",10K,10000,21618,6875,106
"מרוץ הלפיד בסוסיא ע""ש דרור ויינברג 2016",22/12/2016,"10 ק""מ ריצה תחרותית",10K,10000,21617,6874,158
Desert Challenge 2016,16/12/2016,"ריצת לילה 10 ק""מ",10K,10000,21593,6869,126
מרוץ להבים,16/12/2016,"10 ק""מ",10K,10000,21587,6868,51
מרוץ להבים,16/12/2016,"5 ק""מ",5K,5000,21588,6868,78
מרוץ בניה ה-11 בקרני שומרון,16/12/2016,"10 ק""מ ריצה תחרותית",10K,10000,21594,7478,194
Desert Challenge 2016,16/12/2016,"ריצת לילה 5 ק""מ",5K,5000,21592,6869,71
"כרמל טרייל 2016, יום III",10/12/2016,"2.5 ק""מ",5K,5000,21585,6867,4
"כרמל טרייל 2016, יום III",10/12/2016,חד יומי ארוך 10.12.16,10K,10000,21586,6867,19
"כרמל טרייל 2016, יום III",10/12/2016,"10 ק""מ",10K,10000,21583,6867,28
"כרמל טרייל 2016, יום III",10/12/2016,"5 ק""מ",5K,5000,21584,6867,85
מרוץ מודיעין ה-12,09/12/2016,"1.2 ק""מ ריצה בתי ספר",,1200,21569,6863,379
חצי מרתון השרון 2016,09/12/2016,"10ק""מ",,10000,21571,6864,332
חצי מרתון השרון 2016,09/12/2016,5 קמ,5K,5000,21572,6864,606
מרוץ העגור 2016,09/12/2016,10k,,10000,21564,6862,717
מרוץ העגור 2016,09/12/2016,21k,,21000,21565,6862,464
מרוץ מודיעין ה-12,09/12/2016,"10 ק""מ ריצה תחרותית",10K,10000,21566,6863,639
מרוץ מודיעין ה-12,09/12/2016,"5 ק""מ ריצה תחרותית",5K,5000,21567,6863,815
מרוץ מודיעין ה-12,09/12/2016,1.8 ריצה תחרותית,,1800,21568,6863,680
חצי מרתון השרון 2016,09/12/2016,חצי מרתון,H.Marathon,21097,21570,6864,261
מרוץ עמיצור 2016,06/12/2016,"5 ק""מ ריצה תחרותית",5K,5000,21563,6861,305
חצי מרתון עמק המעיינות,02/12/2016,"6 ק""מ",,6000,21532,6856,106
חצי מרתון עמק המעיינות,02/12/2016,חצי מרתון,H.Marathon,21097,21530,6856,2287
מרוץ דגניה ב,26/11/2016,"5 ק""מ",5K,5000,21517,6850,67
מרוץ דגניה ב,26/11/2016,"10 ק""מ",10K,10000,21516,6850,16
מרוץ השלום לזכרו של יצחק רבין 2016,23/11/2016,"3.5 ק""מ",,3500,21515,7475,126
מרוץ מעגן מיכאל,19/11/2016,"2 ק""מ",2K,2000,21508,6844,289
מרוץ מעגן מיכאל,19/11/2016,"10 ק""מ",10K,10000,21505,6844,44
מרוץ מעגן מיכאל,19/11/2016,"5 ק""מ ריצה",5K,5000,21506,6844,74
מרוץ מעגן מיכאל,19/11/2016,"5 ק""מ הליכה",5K,5000,21507,6844,18
"המרתון המדברי, אילת 2016",18/11/2016,מרתון,Marathon,42195,21501,6843,353
"המרתון המדברי, אילת 2016",18/11/2016,חצי מרתון,H.Marathon,21097,21502,6843,524
"המרתון המדברי, אילת 2016",18/11/2016,"10 ק""מ",10K,10000,21503,6843,314
"המרתון המדברי, אילת 2016",18/11/2016,"5 ק""מ",5K,5000,21504,6843,128
מרוץ הלילה של תל-אביב,16/11/2016,"10 ק""מ",10K,10000,21499,6841,17107
מרוץ משגב 2016,12/11/2016,10k,10K,10000,25583,6812,122
מרוץ אייל 2016,12/11/2016,"15 ק""מ",15K,15000,21328,6811,2942
מרוץ אייל 2016,12/11/2016,"5 ק""מ",5K,5000,21329,6811,658
מרוץ משגב 2016,12/11/2016,2k,2K,2000,25581,6812,70
מרוץ אייל 2016,12/11/2016,"2 ק""מ",2K,2000,21330,6811,568
מרוץ משגב 2016,12/11/2016,5k,5K,5000,25582,6812,87
מרוץ ספארי רמת-גן,11/11/2016,"ריצה 10 ק""מ",,10000,21326,6810,333
מרוץ ספארי רמת-גן,11/11/2016,"ריצה 5 ק""מ",,5000,21327,6810,331
אליפות בתי הספר באופקים 2016,08/11/2016,"5 ק""מ",5K,5000,21323,6809,16
אליפות בתי הספר באופקים 2016,08/11/2016,"2 ק""מ",2K,2000,21325,6809,30
מרוץ סאקוני בת חפר ה-18,04/11/2016,"1.5 ק""מ ריצה תחרותית",,1500,21312,7477,132
מרוץ דקל הטום 2016,04/11/2016,"הליכה 10 ק""מ",10K,10000,21307,6801,12
מרוץ כוכב יאיר צור יגאל 2016,04/11/2016,"5 ק""מ",,5000,21315,6803,148
חצי מרתון חיפה ה-19,04/11/2016,חצי מרתון,H.Marathon,21097,21302,6800,508
מרוץ אינטל 2016,04/11/2016,"10 ק""מ ריצה תחרותית",10K,10000,21313,7476,58
חצי מרתון חיפה ה-19,04/11/2016,"10 ק""מ",,10000,21303,6800,988
מרוץ אינטל 2016,04/11/2016,"5 ק""מ ריצה תחרותית",5K,5000,21314,7476,38
חצי מרתון חיפה ה-19,04/11/2016,"5 ק""מ",,5000,21304,6800,646
מרוץ סאקוני בת חפר ה-18,04/11/2016,"12 ק""מ ריצה תחרותית",,12000,21310,7477,47
מרוץ דקל הטום 2016,04/11/2016,9.3 קמ ריצה,,9300,21305,6801,310
מרוץ סאקוני בת חפר ה-18,04/11/2016,"5 ק""מ ריצה תחרותית",5K,5000,21311,7477,97
מרוץ כוכב יאיר צור יגאל 2016,04/11/2016,"10 ק""מ",,10000,21309,6803,115
מרוץ הנשים בהרצליה 2016,03/11/2016,"5 ק""מ ריצה תחרותית",5K,5000,21298,6798,248
ספורטיאדה ריצה ואופניים יום I,02/11/2016,"ריצה 5 ק""מ",5K,5000,21316,6806,178
מרוץ אשדוד אליפות ישראל,01/11/2016,"ריצה 10 ק""מ",10K,10000,21292,6795,322
מרוץ אשדוד אליפות ישראל,01/11/2016,"ריצה 5 ק""מ",5K,5000,21293,6795,359
מרוץ BIG קרית שמונה 2016,28/10/2016,"21.1 ק""מ ריצה תחרותית",H.Marathon,21097,21276,6790,37
מרוץ BIG קרית שמונה 2016,28/10/2016,"10 ק""מ ריצה תחרותית",10K,10000,21277,6790,139
מרוץ קניון ארנה נהריה,28/10/2016,"10 ק""מ",10K,10000,21275,6789,94
מרוץ BIG קרית שמונה 2016,28/10/2016,"3 ק""מ ריצה תחרותית",,3000,21278,6790,143
מרוץ לחיים ה-3 לזכרו של חיים טורג'מן,27/10/2016,"2 ק""מ ריצה תחרותית",2K,2000,21297,6797,23
מרוץ נהריה 2016,21/10/2016,"3 ק""מ",,3000,21058,6619,119
מרוץ נהריה 2016,21/10/2016,"5 ק""מ",5K,5000,21059,6619,254
מרוץ נהריה 2016,21/10/2016,"10 ק""מ",10K,10000,21060,6619,317
"מרתון התנ""ך 2016",21/10/2016,21k,,21000,21066,6621,180
מרוץ נחל שורק 2016,21/10/2016,"10 ק""מ ריצה תחרותית",10K,10000,21062,6620,235
מרוץ הסמטה 2016,21/10/2016,5k,5K,5000,25579,6622,112
"מרתון התנ""ך 2016",21/10/2016,10k,10K,10000,21067,6621,182
מרוץ נחל שורק 2016,21/10/2016,"5 ק""מ ריצה תחרותית",5K,5000,21063,6620,250
מרוץ הסמטה 2016,21/10/2016,10k,10K,10000,25580,6622,90
"מרתון התנ""ך 2016",21/10/2016,5k,5K,5000,21068,6621,312
מרוץ נחל שורק 2016,21/10/2016,"2 ק""מ ריצה תחרותית",2K,2000,21064,6620,167
מרוץ המעפיל 2016,17/10/2016,"10 ק""מ",10K,10000,21048,6617,9
מרוץ המעפיל 2016,17/10/2016,"5 ק""מ",5K,5000,21049,6617,45
מרוץ המעפיל 2016,17/10/2016,"2 ק""מ",2K,2000,21050,6617,114
מרוץ לילה חוף חפר 2016,15/10/2016,"4.3 ק""מ",,4300,21046,6616,113
מרוץ לילה חוף חפר 2016,15/10/2016,2300 מטר,,2300,21047,6616,206
מרוץ בית יצחק,14/10/2016,"2 ק""מ",2K,2000,21034,6611,89
מרוץ בית יצחק,14/10/2016,"5 ק""מ",5K,5000,21035,6611,143
מרוץ בית יצחק,14/10/2016,"10 ק""מ",10K,10000,21036,6611,113
"מרוץ גליל ים ה-33 ע""ש זיו גרוך",08/10/2016,"5 ק""מ ריצה תחרותית",5K,5000,21015,6602,153
"מרוץ גליל ים ה-33 ע""ש זיו גרוך",08/10/2016,"2 ק""מ ריצה תחרותית",2K,2000,21016,6602,104
"מרוץ גליל ים ה-33 ע""ש זיו גרוך",08/10/2016,"10 ק""מ ריצה תחרותית",10K,10000,21014,6602,113
חצי מרתון אשכול גליל מערבי,07/10/2016,"5 ק""מ",5K,5000,21001,6599,156
מרוץ חבר,07/10/2016,"15ק""מ",,15000,21002,6600,826
מרוץ חבר,07/10/2016,"10ק""מ",,10000,21003,6600,1258
מרוץ חבר,07/10/2016,"5 ק""מ",5K,5000,21004,6600,1005
חצי מרתון אשכול גליל מערבי,07/10/2016,חצי מרתון,H.Marathon,21097,20999,6599,196
חצי מרתון אשכול גליל מערבי,07/10/2016,"10 ק""מ",10K,10000,21000,6599,228
מרוץ כפר ורדים 2016,30/09/2016,"2 ק""מ ריצה תחרותית",2K,2000,20984,6594,69
חיפה אולטרה טרייל,29/09/2016,"10 ק""מ NIGHT RUN",10K,10000,20966,6588,319
"מרוץ תנ""ח תש""ח",28/09/2016,50k,,50000,20977,6591,91
מרוץ גיא,24/09/2016,10 קילומטר,,10000,20944,6580,194
מרוץ גיא,24/09/2016,5 קילומטר,,5000,20945,6580,230
מרוץ גיא,24/09/2016,3 קילומטר,,3000,20946,6580,157
בשביל הבנים הדרוזים,23/09/2016,"15 ק""מ",15K,15000,20923,6577,340
בשביל הבנים הדרוזים,23/09/2016,"10 ק""מ",10K,10000,24092,6577,853
בשביל הבנים הדרוזים,23/09/2016,"5 ק""מ",5K,5000,24093,6577,630
מרוץ גבעתיים,23/09/2016,"10 ק""מ",10K,10000,20926,6578,459
מרוץ גבעתיים,23/09/2016,"5 ק""מ",5K,5000,20927,6578,597
"מרוץ הר איתן , לזכר אלי פיפמן ז""ל",16/09/2016,"8 ק""מ",,8000,20911,6569,119
מרוץ חרמש-דותן ה-3,15/09/2016,"10 ק""מ ריצה תחרותית",10K,10000,20912,6570,32
מרוץ חרמש-דותן ה-3,15/09/2016,"5 ק""מ ריצה תחרותית",5K,5000,20913,6570,19
מרוץ פתיחת ליגת רצים בעבודה 2016,09/09/2016,"5 ק""מ ריצה תחרותית",5K,5000,20894,6565,460
מרוץ גלעד ה-12 ברעננה,03/09/2016,"5 ק""מ ריצה תחרותית",5K,5000,20893,6564,315
GUSH NIGHT   מרוץ הלילה של גוש עציון,30/08/2016,"5 ק""מ",5K,5000,20892,6563,73
GUSH NIGHT   מרוץ הלילה של גוש עציון,30/08/2016,"10 ק""מ",10K,10000,20891,6563,37
חצי מרתון פארק הירקון ה-10,26/08/2016,"21.1 ק""מ ריצה תחרותית",H.Marathon,21097,20885,6561,305
חצי מרתון פארק הירקון ה-10,26/08/2016,"10 ק""מ ריצה תחרותית",10K,10000,20886,6561,125
חצי מרתון פארק הירקון ה-10,26/08/2016,"5 ק""מ ריצה תחרותית",5K,5000,20887,6561,25
מרוץ הקיץ - מישהו לרוץ איתו,29/07/2016,"10.1 ק""מ",,10100,20865,6542,62
מרוץ הקיץ - מישהו לרוץ איתו,29/07/2016,"5.5 ק""מ",,5500,20864,6542,29
מרוץ מדבר,21/07/2016,10 קילומטר,10K,10000,20845,6535,491
מרוץ מדבר,21/07/2016,21 קילומטר,H.Marathon,21097,20846,6535,235
מרוץ מעלה אדומים ה-2,21/07/2016,"10 ק""מ ריצה תחרותית",10K,10000,20841,6534,102
מרוץ מעלה אדומים ה-2,21/07/2016,"5 ק""מ ריצה תחרותית",5K,5000,20842,6534,165
מרוץ מעלה אדומים ה-2,21/07/2016,"2.5 ק""מ ריצה",,2500,20843,6534,116
מרוץ מדבר,21/07/2016,5 קילומטר,5K,5000,20844,6535,169
מרוץ JUMP בשער בנימין 2016,05/07/2016,"5 ק""מ ריצה תחרותית",5K,5000,20837,6532,37
מרוץ JUMP בשער בנימין 2016,05/07/2016,"2 ק""מ ריצה תחרותית",2K,2000,20838,6532,76
ערד מצדה לזריחה,01/07/2016,18k,,18000,20783,6522,786
ערד מצדה לזריחה,01/07/2016,11k,,12,20782,6522,355
מרוץ נחל,23/06/2016,5 קילומטר,5K,5000,20759,6515,513
מרוץ נחל,23/06/2016,10 קילומטר,10K,10000,20760,6515,731
מרוץ נחל,23/06/2016,21.1 קילומטר,H.Marathon,21097,20761,6515,433
"מרוץ שחר ה -II , באלוני הבשן",17/06/2016,"15 ק""מ",15K,15000,19400,6320,52
"מרוץ שחר ה -II , באלוני הבשן",17/06/2016,"10 ק""מ",10K,10000,19401,6320,94
מרוץ הילדים אלתרמנס 2016,15/06/2016,"1 ק""מ ריצה תחרותית",,1000,19397,6319,80
מרוץ הילדים אלתרמנס 2016,15/06/2016,"2 ק""מ ריצה תחרותית",2K,2000,19398,6319,82
מרוץ סיום עונת 2015-2016 ליגת רצים בעבודה,10/06/2016,"5 ק""מ ריצה תחרותית",5K,5000,19329,6306,294
Matrix Night Run,09/06/2016,"10 ק""מ ריצה תחרותית",10K,10000,19330,6307,290
Matrix Night Run,09/06/2016,"5 ק""מ ריצה תחרותית",5K,5000,19331,6307,159
מרוץ אבנר ארד ה-2,04/06/2016,"8 ק""מ",,8000,19199,6292,151
טריאתהוד השרון 2016,04/06/2016,שלשות 10-11,10K,10000,19212,6293,6
מרוץ אבנר ארד ה-2,04/06/2016,"2 ק""מ",2K,2000,19200,6292,81
מרוץ גבעת ברנר,03/06/2016,"10 ק""מ",10K,10000,19196,6290,163
מרוץ גבעת ברנר,03/06/2016,"5 ק""מ",5K,5000,19197,6290,93
מרוץ וצעדת MS ישראל,03/06/2016,"10 ק""מ ריצה תחרותית",10K,10000,19198,6291,340
מרוץ הלילה ה-7 בקרית גת,02/06/2016,"10 ק""מ ריצה תחרותית",10K,10000,19194,6289,274
מרוץ הלילה ה-7 בקרית גת,02/06/2016,"5 ק""מ ריצה תחרותית",5K,5000,19195,6289,250
מרוץ בית אריה,27/05/2016,5k מקוצר,,5000,18015,6126,81
מרוץ התבור ה-64,27/05/2016,11 קילומטר,,11000,18016,6127,284
מרוץ התבור ה-64,27/05/2016,5 קילומטר,,5000,18017,6127,53
מרוץ אלקנה ה-1,27/05/2016,"10 ק""מ ריצה תחרותית",10K,10000,17994,6122,57
מרוץ התבור ה-64,27/05/2016,2 קילומטר,,2000,18018,6127,37
מרוץ אלקנה ה-1,27/05/2016,"5 ק""מ ריצה תחרותית",5K,5000,17995,6122,133
מרוץ בית אריה,27/05/2016,15k,,15000,18013,6126,50
מרוץ בית אריה,27/05/2016,10k,,10000,18014,6126,53
מרוץ טלמונים ה-9,26/05/2016,"10 ק""מ ריצה תחרותית",10K,10000,17991,6121,106
מרוץ חבל יבנה,26/05/2016,"5 ק""מ נשים",,5000,20702,6124,1
מרוץ חבל יבנה,26/05/2016,"10 ק""מ",10K,10000,17998,6124,20
מרוץ טלמונים ה-9,26/05/2016,"5 ק""מ ריצה תחרותית",5K,5000,17992,6121,203
מרוץ חבל יבנה,26/05/2016,"2 ק""מ כביש גברים",,2000,20703,6124,1
מרוץ חבל יבנה,26/05/2016,"5 ק""מ",5K,5000,17999,6124,50
מרוץ טלמונים ה-9,26/05/2016,"2 ק""מ ריצה תחרותית",2K,2000,17993,6121,99
מרוץ חבל יבנה,26/05/2016,"2 ק""מ",2K,2000,18000,6124,71
מרוץ חבל יבנה,26/05/2016,"5 ק""מ גברים",,5000,20701,6124,1
Be'er Sheva Light Run 2016,24/05/2016,"5 ק""מ",5K,5000,17989,6120,1111
Be'er Sheva Light Run 2016,24/05/2016,"2.5 ק""מ",5K,5000,17990,6120,392
Be'er Sheva Light Run 2016,24/05/2016,"10 ק""מ",10K,10000,17988,6120,1371
מרוץ ג למען מלאכיות הדממה,21/05/2016,2 קילומטר,,2000,17918,6106,132
מרוץ ג למען מלאכיות הדממה,21/05/2016,10 קילומטר,,10000,17915,6106,252
מרוץ ג למען מלאכיות הדממה,21/05/2016,5 קילומטר,,5000,17916,6106,199
מרוץ גזר 2016,20/05/2016,"2 ק""מ בתי ספר גזר",2K,2000,17913,6105,75
מרוץ גזר 2016,20/05/2016,"10 ק""מ",10K,10000,17911,6105,118
מרוץ גזר 2016,20/05/2016,"5 ק""מ",5K,5000,17912,6105,87
מרוץ גבעת שמואל ה-7,20/05/2016,"10 ק""מ ריצה תחרותית",10K,10000,17905,6103,386
מרוץ גבעת שמואל ה-7,20/05/2016,"5 ק""מ ריצה תחרותית",5K,5000,17906,6103,471
מרוץ מיתר,19/05/2016,"10 ק""מ",10K,10000,17907,6104,54
מרוץ שפיר ה-6,13/05/2016,"10 ק""מ ריצה תחרותית",10K,10000,17865,6092,178
מרוץ שפיר ה-6,13/05/2016,"5 ק""מ ריצה תחרותית",5K,5000,17866,6092,111
מרוץ שפיר ה-6,13/05/2016,"2 ק""מ ריצה תחרותית",2K,2000,17867,6092,127
"מרוץ הרצליה 2016 ע""ש יוסי אבני",07/05/2016,"10 ק""מ ריצה תחרותית",10K,10000,17803,6078,1614
"מרוץ הרצליה 2016 ע""ש יוסי אבני",07/05/2016,"5 ק""מ ריצה תחרותית",5K,5000,17804,6078,390
"מרוץ הרצליה 2016 ע""ש יוסי אבני",07/05/2016,"2 ק""מ ריצה תחרותית",2K,2000,17805,6078,554
מרוץ משמר הנגב ה-4,07/05/2016,"ריצה 10 ק""מ",10K,10000,17817,6080,50
מרוץ משמר הנגב ה-4,07/05/2016,"ריצה 5 ק""מ",5K,5000,17818,6080,28
מרוץ מהמדבר לים,06/05/2016,50K אולטרה  מרתון,,50000,17802,6077,228
מרוץ דליה 2016,30/04/2016,1200 מטר ריצה תחרותית,,1200,17773,6071,53
מרוץ דליה 2016,30/04/2016,1000 מטר ריצה תחרותית,,1000,17774,6071,36
מרוץ דליה 2016,30/04/2016,"10 ק""מ ריצה תחרותית",10K,10000,17797,6071,75
מרוץ דליה 2016,30/04/2016,"5 ק""מ ריצה תחרותית",5K,5000,17798,6071,115
מרוץ מרום הגליל ה-4,28/04/2016,"5 ק""מ ריצה תחרותית",5K,5000,17772,6070,80
מרוץ מרום הגליל ה-4,28/04/2016,"10 ק""מ ריצה תחרותית",10K,10000,17771,6070,155
מרוץ בנימינה וגבעת עדה 2016,25/04/2016,"15 ק""מ ריצה",15K,15000,17750,6066,90
מרוץ בנימינה וגבעת עדה 2016,25/04/2016,"10 ק""מ ריצה",10K,10000,17751,6066,216
מרוץ בנימינה וגבעת עדה 2016,25/04/2016,"4 ק""מ ריצה",,4000,17752,6066,162
מרוץ בנימינה וגבעת עדה 2016,25/04/2016,"1 ק""מ ריצה",,1000,17753,6066,126
מרוץ עיינות 2016,16/04/2016,"10 ק""מ",10K,10000,17721,6050,156
מרוץ עיינות 2016,16/04/2016,"4 ק""מ",,4000,17722,6050,206
מרוץ מזכרת בתיה 2016,15/04/2016,2k,2K,2000,17724,6051,43
מרוץ מזכרת בתיה 2016,15/04/2016,5k,5K,5000,17725,6051,98
מרוץ מזכרת בתיה 2016,15/04/2016,10k,10K,10000,17726,6051,209
מרוץ שהם,15/04/2016,5 קילומטר,5K,5000,17728,6052,163
מרוץ שהם,15/04/2016,10 קילומטר,10K,10000,17729,6052,162
מרוץ בשבילי עמק המעיינות‎,14/04/2016,"10 ק""מ",10K,10000,17708,6047,42
מרוץ שדמות דבורה 2016,14/04/2016,"10 ק""מ",10K,10000,17712,6048,98
מרוץ הנשים של תל-אביב 2016,13/04/2016,"נשים 12 ק""מ",,12000,17701,6045,1164
מרוץ הנשים של תל-אביב 2016,13/04/2016,"נשים 8 ק""מ",,8000,17702,6045,1748
מרוץ הנשים של תל-אביב 2016,13/04/2016,"נשים 4 ק""מ",,4000,17703,6045,1546
"מרוץ רשפון ע""ש ארז גבאי",09/04/2016,"5 ק""מ ריצה תחרותית",5K,5000,17568,6020,186
"מרוץ רשפון ע""ש ארז גבאי",09/04/2016,"2 ק""מ ריצה תחרותית",2K,2000,17569,6020,236
מרוץ צהלה ה-9,09/04/2016,2.5 קילומטר,,2500,17570,6021,325
מרוץ צהלה ה-9,09/04/2016,5 קילומטר,5K,5000,17571,6021,268
מרוץ צהלה ה-9,09/04/2016,10 קילומטר,10K,10000,17572,6021,210
"מרוץ רשפון ע""ש ארז גבאי",09/04/2016,"10 ק""מ ריצה תחרותית",10K,10000,17567,6020,171
מרוץ עדנים 2016,08/04/2016,"10 ק""מ ריצה",10K,10000,17562,6018,79
מרוץ המושבה ה-1,08/04/2016,"2 ק""מ - כיתות ט-י",2K,2000,17577,6022,14
מרוץ המושבה ה-1,08/04/2016,"2 ק""מ",2K,2000,17574,6022,14
מרוץ השומרון ה-5,08/04/2016,"10 ק""מ ריצה תחרותית",10K,10000,17555,6016,102
אליפות אפרת גוש עציון 2016,08/04/2016,חצי מרתון,H.Marathon,21097,17549,6015,66
מרוץ לוד ה-3,08/04/2016,5 קילומטר מג”ב,5K,5000,17559,6017,308
מרוץ השומרון ה-5,08/04/2016,"5 ק""מ ריצה תחרותית",5K,5000,17556,6016,142
מרוץ עדנים 2016,08/04/2016,"5 ק""מ ריצה",5K,5000,17563,6018,123
מרוץ לוד ה-3,08/04/2016,2 קילומטר,2K,2000,17557,6017,85
אליפות אפרת גוש עציון 2016,08/04/2016,"10 ק""מ",10K,10000,17551,6015,221
מרוץ עדנים 2016,08/04/2016,"25 ק""מ רכיבה",5K,5000,17564,6018,40
מרוץ לוד ה-3,08/04/2016,5 קילומטר,5K,5000,17558,6017,274
אליפות אפרת גוש עציון 2016,08/04/2016,"5 ק""מ",5K,5000,17552,6015,452
מרוץ דרום השרון,08/04/2016,5k,5K,5000,17565,6019,62
מרוץ חופים סולגאר נתניה 2016,08/04/2016,"15 ק""מ",15K,15000,17546,6014,598
מרוץ לוד ה-3,08/04/2016,10 קילומטר,10K,10000,17560,6017,303
מרוץ המושבה ה-1,08/04/2016,"5 ק""מ",5K,5000,17575,6022,109
מרוץ דרום השרון,08/04/2016,10K,10K,10000,17566,6019,113
מרוץ חופים סולגאר נתניה 2016,08/04/2016,"10 ק""מ",10K,10000,17547,6014,641
מרוץ עדנים 2016,08/04/2016,חצי מרתון,H.Marathon,21097,17561,6018,42
מרוץ המושבה ה-1,08/04/2016,"2 ק""מ - כיתות יא-יב",2K,2000,17576,6022,94
מרוץ המושבה ה-1,08/04/2016,"10 ק""מ",,10000,17573,6022,47
מרוץ חופים סולגאר נתניה 2016,08/04/2016,"5 ק""מ",5K,5000,17548,6014,378
מרוץ הטכניון ה-2,06/04/2016,"5 ק""מ ריצה תחרותית",5K,5000,17544,6012,959
מרוץ האביב רמת השרון 2016,02/04/2016,חצי מרתון,H.Marathon,21097,17462,5997,319
מרוץ האביב רמת השרון 2016,02/04/2016,"10 ק""מ",10K,10000,17463,5997,572
מרוץ האביב רמת השרון 2016,02/04/2016,"5 ק""מ",5K,5000,17464,5997,166
מרוץ ראש העין 2016,01/04/2016,"10 ק""מ ריצה תחרותית",10K,10000,17443,5991,225
לרוץ ברוח טובה,01/04/2016,"ריצה 10 ק""מ",10K,10000,17459,5996,291
מרוץ ראש העין 2016,01/04/2016,"5 ק""מ ריצה תחרותית",5K,5000,17444,5991,196
לרוץ ברוח טובה,01/04/2016,"ריצה 3.5 ק""מ",5K,5000,17460,5996,279
מרוץ ראש העין 2016,01/04/2016,"2 ק""מ ריצה תחרותית",2K,2000,17445,5991,189
מרוץ נווה עמיאל,01/04/2016,ריצה 10 קמ,10K,10000,17448,5993,55
מרוץ נווה עמיאל,01/04/2016,"ריצה 5 ק""מ",5K,5000,17449,5993,62
מרוץ הבינתחומי ה-3,31/03/2016,"5 ק""מ ריצה תחרותית - 5km friendly run",5K,5000,17446,5992,397
Jerusalem Marathon 2016,18/03/2016,5KM,5K,5000,17244,5955,2625
Jerusalem Marathon 2016,18/03/2016,10KM,10K,10000,17246,5955,7346
Jerusalem Marathon 2016,18/03/2016,42.2KM,Marathon,42195,17245,5955,1246
Jerusalem Marathon 2016,18/03/2016,21.1KM,,21000,17243,5955,4044
אליפות החורף 2016,16/03/2016,"5 ק""מ נשים",5K,5000,17248,5956,20
אליפות החורף 2016,16/03/2016,"5 ק""מ גברים",5K,5000,17249,5956,27
מרוץ אבן יהודה ה-8,12/03/2016,"1.6 ק""מ ריצה תחרותית",,1600,17221,5946,994
מרוץ כפר סבא,12/03/2016,"ריצה 10 ק""מ",10K,10000,17217,5945,1055
מרוץ אבן יהודה ה-8,12/03/2016,"10 ק""מ ריצה תחרותית",10K,10000,17219,5946,97
מרוץ אבן יהודה ה-8,12/03/2016,"5 ק""מ ריצה תחרותית",5K,5000,17220,5946,215
מרוץ אור יהודה 2016,11/03/2016,"10 ק""מ ריצה תחרותית",10K,10000,17209,5943,386
מרוץ אור יהודה 2016,11/03/2016,"5 ק""מ ריצה תחרותית",5K,5000,17210,5943,122
מרוץ רעננה ה 27,11/03/2016,"ריצה 10 ק""מ",10K,10000,17205,5941,1110
מרוץ דימונה טבע טק ה-3,11/03/2016,2k,2K,2000,17224,5948,323
מרוץ דימונה טבע טק ה-3,11/03/2016,5k,5K,5000,17225,5948,63
מרוץ הגליל העליון ה-2,11/03/2016,"15 ק""מ",15K,15000,17207,5942,242
מרוץ דימונה טבע טק ה-3,11/03/2016,10k,10K,10000,17226,5948,84
מרוץ הגליל העליון ה-2,11/03/2016,"5 ק""מ",5K,5000,17208,5942,240
רצים לדרום הפורח,05/03/2016,5 Male,,5000,17232,5951,34
רצים לדרום הפורח,05/03/2016,14.3 Female,,14300,17237,5951,41
רצים לדרום הפורח,05/03/2016,21.5 Female,,21500,17238,5951,6
רצים לדרום הפורח,05/03/2016,14.3 Male,,14300,17239,5951,36
רצים לדרום הפורח,05/03/2016,21.5 Male,,21500,17240,5951,24
רצים לדרום הפורח,05/03/2016,5 Female,5K,5000,17229,5951,52
מרוץ סביון 2016,04/03/2016,"2 ק""מ תחרותי",2K,2000,17138,5928,168
"מרוץ הכפר ה-3 במושב רינתיה, נופך ומזור",04/03/2016,"10 ק""מ ריצה תחרותית",10K,10000,17139,5929,129
"מרוץ הכפר ה-3 במושב רינתיה, נופך ומזור",04/03/2016,"5 ק""מ ריצה תחרותית",5K,5000,17140,5929,104
מרוץ סביון 2016,04/03/2016,"10 ק""מ תחרותי",10K,10000,17136,5928,509
מרוץ סביון 2016,04/03/2016,"5 ק""מ תחרותי",5K,5000,17137,5928,457
מרתון סמסונג תל-אביב 2016,26/02/2016,חצי מרתון,H.Marathon,21097,17089,5911,6947
מרתון סמסונג תל-אביב 2016,26/02/2016,"10 ק""מ",10K,10000,17090,5911,11852
מרתון סמסונג תל-אביב 2016,26/02/2016,"5 ק""מ",5K,5000,17091,5911,16
מרתון סמסונג תל-אביב 2016,26/02/2016,מרתון,Marathon,42195,17087,5911,1620
מרוץ בית שמש 2016,19/02/2016,"5 ק""מ ריצה תחרותית",5K,5000,17084,5909,733
מרוץ נס ציונה,13/02/2016,"5 ק""מ",,5000,16990,5884,386
מרוץ נס ציונה,13/02/2016,"2 ק""מ",2K,2000,16991,5884,475
ליגת השטח - מיני ישראל,13/02/2016,ריצה 5 קמ,5K,5000,17028,5886,3
ליגת השטח - מיני ישראל,13/02/2016,דואתלון 10-11,10K,10000,17022,5886,13
מרוץ נס ציונה,13/02/2016,"10 ק""מ",10K,10000,16989,5884,523
מירוץ הכלניות ה-3,12/02/2016,2k (מוארך),,2000,16986,5883,133
מירוץ הכלניות ה-3,12/02/2016,5k (מקוצר),,5000,16987,5883,214
מירוץ הכלניות ה-3,12/02/2016,10k (מקוצר),,10000,16988,5883,351
מרוץ עין גדי 2016,06/02/2016,10W,10K,10000,16983,5880,45
מרוץ עין גדי 2016,06/02/2016,10K,10K,10000,16979,5880,280
מרוץ עין גדי 2016,06/02/2016,חצי מרתון,H.Marathon,21097,16980,5880,192
מרוץ עין גדי 2016,06/02/2016,30K,,30000,16981,5880,107
מרוץ עין גדי 2016,06/02/2016,2K,2K,2000,16982,5880,98
"מרוץ ירוחם ה-3 ""בין מכתש לאגם""",05/02/2016,"10 ק""מ ריצה תחרותית",10K,10000,16984,5881,236
"מרוץ ראשון לציון, אליפות הארץ ל 15 ק""מ",05/02/2016,"15 ק""מ",15K,15000,16973,5878,409
"מרוץ ראשון לציון, אליפות הארץ ל 15 ק""מ",05/02/2016,"5 ק""מ",5K,5000,16974,5878,304
מסכמת תל אביב,04/02/2016,18 קילומטר,,18000,16977,5879,225
מסכמת תל אביב,04/02/2016,36 קילומטר,,36000,16978,5879,137
מסכמת תל אביב,04/02/2016,5 קילומטר,5K,5000,16975,5879,90
מסכמת תל אביב,04/02/2016,10 קילומטר,10K,10000,16976,5879,210
"מרוץ הערבה ע""ש יוני פרידמן",30/01/2016,חצי מרתון,H.Marathon,21097,16810,5840,79
"מרוץ הערבה ע""ש יוני פרידמן",30/01/2016,10קמ,10K,10000,16811,5840,163
"מרוץ הערבה ע""ש יוני פרידמן",30/01/2016,5קמ,5K,5000,16812,5840,152
מרוץ עיר האבות ה-8,29/01/2016,"10 ק""מ ריצה תחרותית",10K,10000,16804,5838,50
מרוץ עיר האבות ה-8,29/01/2016,"5 ק""מ ריצה תחרותית",5K,5000,16805,5838,49
מרוץ עיר האבות ה-8,29/01/2016,"2 ק""מ ריצה תחרותית",2K,2000,16806,5838,31
מרוץ עומר ה-35,23/01/2016,"10 ק""מ",10K,10000,16758,5832,143
מרוץ עומר ה-35,23/01/2016,"5 ק""מ",5K,5000,16759,5832,184
מרוץ עומר ה-35,23/01/2016,"2 ק""מ",2K,2000,16760,5832,212
"מרוץ הבית בפארק הירקון ע""ש עומר מנוס- 22.1.2016",22/01/2016,"10 ק""מ ריצה תחרותית",10K,10000,16757,5831,506
"מרוץ הבית בפארק הירקון ע""ש עומר מנוס- 22.1.2016",22/01/2016,"21.1 ק""מ ריצה תחרותית",H.Marathon,21097,16756,5831,344
מרתון טבריה Winner 2016,08/01/2016,Marathon,Marathon,42195,16751,5828,2000
מרתון טבריה Winner 2016,08/01/2016,10km,10K,10000,16752,5828,1025
Ultimate Challenge,25/12/2015,131K,,131000,16747,5825,15
מרוץ התחתונים ה-5,25/12/2015,5.24 קילומטר,,5240,16741,5823,408
מרוץ התחתונים ה-5,25/12/2015,10.24 קילומטר,,10240,16742,5823,139
Moon Run,25/12/2015,21K,H.Marathon,21097,16744,5824,90
Moon Run,25/12/2015,11.15K,,11150,16745,5824,100
מרוץ הוד השרון ה-7,25/12/2015,"10 ק""מ ריצה תחרותית",10K,10000,16739,5822,671
מרוץ הוד השרון ה-7,25/12/2015,"5 ק""מ ריצה תחרותית",5K,5000,16740,5822,462
Christmas Run,18/12/2015,"10 ק""מ ריצה תחרותית",10K,10000,16736,5821,87
Christmas Run,18/12/2015,"5 ק""מ ריצה תחרותית",5K,5000,16737,5821,190
Christmas Run,18/12/2015,"1.2 ק""מ ריצה תחרותית",,1200,16738,5821,197
מרוץ עמק חפר לזכר רז גוטרמן 2015,11/12/2015,"2 ק""מ בנים",2K,2000,16727,5815,136
מרוץ מכבי תל-אביב,11/12/2015,"5 ק""מ",5K,5000,16718,5813,130
מרוץ עמק חפר לזכר רז גוטרמן 2015,11/12/2015,"2 ק""מ בנות",2K,2000,16728,5815,106
מרוץ מכבי תל-אביב,11/12/2015,"2 ק""מ",2K,2000,16719,5813,131
מרוץ עמק חפר לזכר רז גוטרמן 2015,11/12/2015,"10 ק""מ",10K,10000,16725,5815,275
מרוץ עמק חפר לזכר רז גוטרמן 2015,11/12/2015,"5 ק""מ",5K,5000,16726,5815,158
מרוץ מכבי תל-אביב,11/12/2015,"10 ק""מ",10K,10000,16717,5813,178
מרוץ שפיים 2015,05/12/2015,"10 ק""מ ריצה תחרותית",10K,10000,16710,5809,15
מרוץ שפיים 2015,05/12/2015,"מקצה 5 ק""מ ריצה תחרותית",5K,5000,16711,5809,45
מרוץ שפיים 2015,05/12/2015,"מקצה 2 ק""מ ריצה תחרותית",2K,2000,16712,5809,82
מרוץ שפיים 2015,05/12/2015,"מקצה 5 ק""מ הליכה תחרותית",5K,5000,16713,5809,24
חצי מרתון עמק המעיינות 2015,04/12/2015,"6 ק""מ",,6000,16702,5805,124
חצי מרתון עמק המעיינות 2015,04/12/2015,חצי מרתון,H.Marathon,21097,16700,5805,2398
"מרוץ הלפיד בסוסיא ע""ש דרור ויינברג 2015",03/12/2015,"10 ק""מ ריצה תחרותית",10K,10000,16714,5810,248
מרוץ סיני ה-59,28/11/2015,"10 ק""מ",10K,10000,16668,5799,29
מרוץ סיני ה-59,28/11/2015,"5 ק""מ",5K,5000,16669,5799,31
"המרתון המדברי, אילת 2015",27/11/2015,מרתון,Marathon,42195,16651,5792,254
חצי מרתון השרון,27/11/2015,"10ק""מ",10K,10000,16658,5794,333
"המרתון המדברי, אילת 2015",27/11/2015,"10 ק""מ",10K,10000,16653,5792,288
חצי מרתון השרון,27/11/2015,5 קמ עממי,5K,5000,16666,5794,403
מרוץ תני ה-14,27/11/2015,"ריצה 8 ק""מ",,8000,16659,5795,238
"המרתון המדברי, אילת 2015",27/11/2015,"5 ק""מ",5K,5000,16654,5792,135
"המרתון המדברי, אילת 2015",27/11/2015,חצי מרתון,H.Marathon,21097,16652,5792,314
מרוץ העגור ה-5,27/11/2015,"21.1 ק""מ ריצה תחרותית",H.Marathon,21097,16655,5793,724
מרוץ העגור ה-5,27/11/2015,"10 ק""מ ריצה תחרותית",10K,10000,16656,5793,879
חצי מרתון השרון,27/11/2015,חצי מרתון,H.Marathon,21097,16657,5794,256
מרוץ עמיצור 2015,24/11/2015,"5 ק""מ ריצה תחרותית",5K,5000,16649,5790,289
מרוץ מעגן מיכאל ה-3,21/11/2015,"2 ק""מ ריצה",2K,2000,16642,5786,269
מרוץ מעגן מיכאל ה-3,21/11/2015,"5 ק""מ הליכה תחרותית",5K,5000,16643,5786,20
מרוץ מעגן מיכאל ה-3,21/11/2015,"10 ק""מ ריצה תחרותית",10K,10000,16640,5786,42
מרוץ מעגן מיכאל ה-3,21/11/2015,"5 ק""מ ריצה תחרותית",5K,5000,16641,5786,72
מרוץ להבים,20/11/2015,"3 ק""מ",,3000,16617,5781,132
מרוץ בניה ה-10 בקרני שומרון,20/11/2015,"10 ק""מ ריצה תחרותית",10K,10000,16618,5782,195
מרוץ כוכב יאיר צור יגאל,20/11/2015,"ריצה 10 ק""מ",10K,10000,16637,5785,87
מרוץ עלם חולון,20/11/2015,"10 ק""מ",10K,10000,16613,5780,1200
ריצה הררית בהר איתן,20/11/2015,8,,8000,16645,5788,38
מרוץ כוכב יאיר צור יגאל,20/11/2015,"ריצה 5 ק""מ",5K,5000,16638,5785,169
מרוץ עלם חולון,20/11/2015,"5 ק""מ",5K,5000,16614,5780,446
ריצה הררית בהר איתן,20/11/2015,16,,16000,16646,5788,39
מרוץ להבים,20/11/2015,"10 ק""מ",10K,10000,16615,5781,43
ריצה הררית בהר איתן,20/11/2015,24,,24000,16647,5788,20
מרוץ להבים,20/11/2015,"5 ק""מ",5K,5000,16616,5781,31
אליפות בתי הספר ברמת גן 2015,17/11/2015,תלמידות ט,2K,2000,16609,5778,10
מרוץ אייל 2015,14/11/2015,"2 ק""מ",2K,2000,16604,5776,485
מרוץ אייל 2015,14/11/2015,"15 ק""מ",15K,15000,16602,5776,2775
מרוץ אייל 2015,14/11/2015,"5 ק""מ",5K,5000,16603,5776,661
מרוץ חבר 2015,13/11/2015,"15ק""מ",15K,15000,16597,5774,530
מרוץ חבר 2015,13/11/2015,"5 ק""מ",5K,5000,16599,5774,805
רצים בצבע 2015,13/11/2015,"5 ק""מ תחרותי",5K,5000,16600,5775,1424
רצים בצבע 2015,13/11/2015,"1.5 ק""מ תחרותי עד גיל 14",5K,5000,16601,5775,246
מרוץ חבר 2015,13/11/2015,"10ק""מ",10K,10000,16598,5774,934
"מרוץ האוניברסיטה ה-6 ע""ש נועם גולדמן",12/11/2015,"5 ק""מ ריצה תחרותית",5K,5000,16596,5773,586
מרוץ סאקוני בת חפר ה-17,07/11/2015,"4 ק""מ ריצה תחרותית",,4000,16584,5768,114
מרוץ סאקוני בת חפר ה-17,07/11/2015,"1.5 ק""מ ריצה תחרותית",,1500,16585,5768,122
מרוץ משגב ה-33,07/11/2015,"תחרותי 5 ק""מ",5K,5000,16586,5769,123
מרוץ משגב ה-33,07/11/2015,"תחרותי 10 ק""מ",10K,10000,16587,5769,89
מרוץ סאקוני בת חפר ה-17,07/11/2015,"12 ק""מ ריצה תחרותית",,12000,16583,5768,83
מרוץ מודיעין ה-11,06/11/2015,"5 ק""מ ריצה תחרותית",5K,5000,16577,5766,554
מרוץ מודיעין ה-11,06/11/2015,"2.5 ק""מ ריצה תחרותית",,2500,16578,5766,313
מרוץ מודיעין ה-11,06/11/2015,"1.2 ק""מ ריצה תחרותית",,1200,16579,5766,1046
חצי מרתון חיפה 2015,06/11/2015,ריצה חצי מרתון,H.Marathon,21097,16580,5767,489
חצי מרתון חיפה 2015,06/11/2015,"ריצה 10 ק""מ",,10000,16581,5767,995
חצי מרתון חיפה 2015,06/11/2015,"5 ק""מ ריצה",,5000,16582,5767,687
מרוץ מודיעין ה-11,06/11/2015,"10 ק""מ ריצה תחרותית",10K,10000,16576,5766,605
מרוץ דקל הטום 2015,30/10/2015,10 קמ ריצה,10K,10000,16571,5763,203
מרוץ דקל הטום 2015,30/10/2015,"הליכה 10 ק""מ",10K,10000,16572,5763,31
בשביל הבנים הדרוזים 2015,30/10/2015,10KM,10K,10000,16573,5764,543
בשביל הבנים הדרוזים 2015,30/10/2015,5KM,5K,5000,16574,5764,516
מרוץ קרית שמונה,23/10/2015,10 קילומטר,10K,10000,16541,5752,263
מרוץ קרית שמונה,23/10/2015,3 קילומטר,,3000,16542,5752,114
מרוץ אינטל 2015,23/10/2015,"10 ק""מ ריצה תחרותית",10K,10000,16552,5755,30
מרוץ אינטל 2015,23/10/2015,"5 ק""מ ריצה תחרותית",5K,5000,16553,5755,42
מרוץ קרית שמונה,23/10/2015,חצי מרתון,H.Marathon,21097,16540,5752,115
מרוץ הנשים בהרצליה 2015,22/10/2015,"5 ק""מ ריצה תחרותית",5K,5000,16539,5751,202
מרוץ הלילה של תל-אביב 2015,20/10/2015,"10 ק""מ",10K,10000,16559,5761,10961
מרוץ בית יצחק,16/10/2015,"10 ק""מ ריצה",10K,10000,16514,5742,132
מרוץ בית יצחק,16/10/2015,"2 ק""מ עד גיל 12",2K,2000,16515,5742,48
משחה פוסידון 2015,16/10/2015,1.9KM,,1900,16516,5743,356
מרוץ בית יצחק,16/10/2015,"5 ק""מ תחרותי",5K,5000,16513,5742,102
מרוץ אשדוד 2015,15/10/2015,"ריצה 10 ק""מ",10K,10000,16511,5741,323
מרוץ אשדוד 2015,15/10/2015,"ריצה 5 ק""מ",5K,5000,16512,5741,192
מרוץ חיל החימוש 2015,13/10/2015,"7 ק""מ ריצה תחרותית",,7000,16510,5740,224
מרוץ גיא,10/10/2015,3 קילומטר,,3000,16488,5732,146
מרוץ גיא,10/10/2015,5 קילומטר ריצה,5K,5000,16489,5732,242
מרוץ גיא,10/10/2015,10 קילומטר ריצה,10K,10000,16490,5732,257
"מרוץ גליל ים ה-32 ע""ש זיו גרוך",10/10/2015,"10 ק""מ ריצה תחרותית",10K,10000,16484,5731,201
"מרוץ גליל ים ה-32 ע""ש זיו גרוך",10/10/2015,"5 ק""מ ריצה תחרותית",5K,5000,16485,5731,117
"מרוץ גליל ים ה-32 ע""ש זיו גרוך",10/10/2015,"2 ק""מ ריצה תחרותית",2K,2000,16486,5731,88
מרוץ לחיים ה-2 לזכרו של חיים טורג'מן,09/10/2015,"5 ק""מ ריצה תחרותית",5K,5000,16482,5730,72
מרוץ לחיים ה-2 לזכרו של חיים טורג'מן,09/10/2015,"2 ק""מ ריצה תחרותית",2K,2000,16483,5730,34
מרוץ בנימין ה-7,09/10/2015,"10 ק""מ ריצה תחרותית",10K,10000,16478,5729,87
מרוץ בנימין ה-7,09/10/2015,"5 ק""מ ריצה תחרותית",5K,5000,16479,5729,126
מרוץ בנימין ה-7,09/10/2015,"10 ק""מ הליכה תחרותית",10K,10000,16480,5729,1
מרוץ לחיים ה-2 לזכרו של חיים טורג'מן,09/10/2015,"10 ק""מ ריצה תחרותית",10K,10000,16481,5730,70
מרוץ הלילה הפתוח ה-6,08/10/2015,10K,10K,10000,16477,5728,496
"מרוץ השי""א ה-4",02/10/2015,"10 ק""מ תחרותי",10K,10000,16476,5727,32
מרוץ הסימטה 2015,02/10/2015,"5 ק""מ",5K,5000,16460,5718,106
מרוץ נחל שורק ה-6,02/10/2015,"10 ק""מ ריצה תחרותית",10K,10000,16461,5719,184
מרוץ נחל שורק ה-6,02/10/2015,"5 ק""מ ריצה תחרותית",5K,5000,16462,5719,234
מרוץ נחל שורק ה-6,02/10/2015,"2 ק""מ ריצה תחרותית",2K,2000,16463,5719,142
מרוץ נהריה 2015,02/10/2015,"10 ק""מ",10K,10000,16446,5716,232
מרוץ נהריה 2015,02/10/2015,"5 ק""מ",5K,5000,16447,5716,155
"מרוץ השי""א ה-4",02/10/2015,"5 ק""מ תחרותי",5K,5000,16475,5727,35
מרוץ המעפיל ה II,28/09/2015,"10 ק""מ",10K,10000,16443,5715,8
מרוץ המעפיל ה II,28/09/2015,"5 ק""מ",5K,5000,16444,5715,34
מרוץ המעפיל ה II,28/09/2015,"2 ק""מ",2K,2000,16445,5715,104
מרוץ כפר ורדים 2015,26/09/2015,"2 ק""מ ריצה תחרותית",2K,2000,16440,5712,25
מרוץ חוף חפר,26/09/2015,2300 מטר,,2300,16437,5711,225
PORT2PORT 2015,25/09/2015,1.8 קילומטר,,1800,16430,5706,339
"מרוץ פתיחת ליגת הפועל רצים בעבודה, 25.9.2015",25/09/2015,"5 ק""מ ריצה תחרותית",5K,5000,16416,5703,450
טריאתלון בחוף פלמחים,18/09/2015,5K,5K,5000,16412,5701,1
מרוץ גלעד ה-11 ברעננה,05/09/2015,"5 ק""מ ריצה תחרותית",5K,5000,16377,5687,348
מרוץ התנועה לאיכות השלטון,03/09/2015,"5 ק""מ ריצה תחרותית",5K,5000,16376,5686,136
מרוץ התנועה לאיכות השלטון,03/09/2015,"10 ק""מ ריצה תחרותית",10K,10000,16375,5686,116
חצי מרתון פארק הירקון ה-9,28/08/2015,"21.1 ק""מ ריצה תחרותית",H.Marathon,21097,16366,5681,514
חצי מרתון פארק הירקון ה-9,28/08/2015,"10 ק""מ ריצה תחרותית",10K,10000,16367,5681,98
ערד מצדה לזריחה,07/08/2015,"18 ק""מ",,18000,16348,5670,590
ערד מצדה לזריחה,07/08/2015,"11 ק""מ",,11000,16349,5670,278
הר | הר איתן,06/08/2015,8 קילומטר ריצה,,8000,16346,5669,317
הר | הר איתן,06/08/2015,16 קילומטר ריצה,,16000,16347,5669,221
מרוץ הקיץ - מישהו לרוץ איתו,31/07/2015,"5.5 ק""מ",5K,5000,16344,5668,17
מרוץ הקיץ - מישהו לרוץ איתו,31/07/2015,"10.1 ק""מ",,10100,16343,5668,39
מרוץ חרמש-דותן,29/07/2015,"5 ק""מ ריצה",5K,5000,16341,5666,57
מרוץ חרמש-דותן,29/07/2015,"10 ק""מ ריצה",10K,10000,16340,5666,85
מרוץ מעלה אדומים 2015,08/07/2015,"5 ק""מ ריצה תחרותית",5K,5000,16252,5639,275
מרוץ עדולם 2015 ,02/07/2015,"10 ק""מ ריצה",10K,10000,16174,5632,105
מרוץ עדולם 2015 ,02/07/2015,"5 ק""מ ריצה",5K,5000,16175,5632,150
TLV9RUN ,25/06/2015,"ריצה 9 ק""מ",,9000,15954,5614,251
TLV9RUN ,25/06/2015,"ריצה 5 ק""מ",5K,5000,15955,5614,98
ביכורי ים,19/06/2015,1.8 קילומטר,,1800,15906,5607,149
ביכורי ים,19/06/2015,10 קילומטר,,10000,15903,5607,21
ביכורי ים,19/06/2015,5 קילומטר,,5000,15904,5607,53
מרוץ הלילה של ירושלים,18/06/2015,10KM,10K,10000,15537,5566,1992
מרוץ הלילה של ירושלים,18/06/2015,5KM,5K,5000,15538,5566,1061
מרוץ מעיין ה-5 ביישוב עלי,18/06/2015,"10 ק""מ ריצה תחרותית",10K,10000,15532,5564,27
מרוץ מעיין ה-5 ביישוב עלי,18/06/2015,"5 ק""מ ריצה תחרותית",5K,5000,15533,5564,108
נחל מרתוניה,18/06/2015,חצי מרתון,H.Marathon,21097,15534,5565,392
נחל מרתוניה,18/06/2015,10 קילומטר,10K,10000,15535,5565,558
נחל מרתוניה,18/06/2015,5 קילומטר,5K,5000,15536,5565,277
מרוץ הלילה של פרו ראנר,11/06/2015,"10 ק""מ ריצה תחרותית",10K,10000,15487,5533,256
מרוץ הלילה של פרו ראנר,11/06/2015,"5 ק""מ ריצה תחרותית",5K,5000,15488,5533,217
מרוץ הלילה במיתר 2015,11/06/2015,"10 ק""מ ריצה",10K,10000,15489,5534,70
מרוץ הלילה במיתר 2015,11/06/2015,"5 ק""מ ריצה",5K,5000,15490,5534,155
מרוץ כרמיאל 2015,06/06/2015,"10 ק""מ ריצה",10K,10000,15471,5523,106
מרוץ כרמיאל 2015,06/06/2015,"5 ק""מ ריצה",5K,5000,15472,5523,117
מרוץ אבנר ארד,06/06/2015,"8 ק""מ",,8000,15474,5524,129
מרוץ אבנר ארד,06/06/2015,"2 ק""מ",2K,2000,15475,5524,39
"מרוץ סיום עונת 2014-15, ליגת רצים בעבודה",05/06/2015,"5 ק""מ ריצה תחרותית",5K,5000,15453,5520,291
Go Yarkon,05/06/2015,8 קילומטר,,8000,15455,5521,114
Go Yarkon,05/06/2015,16 קילומטר,,16000,15456,5521,72
מרוץ הלילה ה-6 בקרית גת,04/06/2015,"5 ק""מ ריצה תחרותית",5K,5000,15451,5518,199
מרוץ הלילה של רחובות 2015,04/06/2015,"5 ק""מ",5K,5000,15452,5519,220
מרוץ הלילה ה-6 בקרית גת,04/06/2015,"10 ק""מ ריצה תחרותית",10K,10000,15450,5518,184
"מרוץ רשפון ה-2 ע""ש ארז גבאי - 30.5.15",30/05/2015,"10 ק""מ ריצה תחרותית",10K,10000,15405,5508,237
"מרוץ רשפון ה-2 ע""ש ארז גבאי - 30.5.15",30/05/2015,"5 ק""מ ריצה תחרותית",5K,5000,15406,5508,217
"מרוץ רשפון ה-2 ע""ש ארז גבאי - 30.5.15",30/05/2015,"2 ק""מ ריצה תחרותית",2K,2000,15407,5508,197
ריצה הררית בהר איתן,22/05/2015,16K גברים,,16000,15402,5507,24
חצי מרתון שטח חוף כרמל 2015,22/05/2015,חצי מרתון שטח,H.Marathon,21097,15380,5500,109
סובב יואב ה-3,22/05/2015,5K,5K,5000,15902,5530,1
חצי מרתון שטח חוף כרמל 2015,22/05/2015,"10 ק""מ",10K,10000,15382,5500,66
רצים מהלב 2015,22/05/2015,"5 ק""מ ריצה",5K,5000,15376,5498,388
סובב יואב ה-3,22/05/2015,15K,15K,15000,15482,5530,1
חצי מרתון שטח חוף כרמל 2015,22/05/2015,"5 ק""מ",5K,5000,15383,5500,16
ריצה הררית בהר איתן,22/05/2015,16K נשים,,16000,15401,5507,11
רצים מהלב 2015,22/05/2015,"1.5 ק""מ ריצה",5K,5000,15377,5498,269
מרוץ אלוני אבא ה-6,16/05/2015,"10 ק""מ ריצה תחרותית",10K,10000,15335,5490,46
מרוץ אלוני אבא ה-6,16/05/2015,"5 ק""מ ריצה תחרותית",5K,5000,15336,5490,59
מרוץ חופים נתניה,15/05/2015,14 קילומטר,,14000,15316,5486,525
מרוץ חופים נתניה,15/05/2015,10 קילומטר,10K,10000,15317,5486,516
מרוץ גבעת שמואל ה-6,15/05/2015,"10 ק""מ ריצה תחרותית",10K,10000,15307,5484,523
מרוץ דרום השרון 2015,15/05/2015,"5 ק""מ",5K,5000,15339,5487,100
מרוץ חופים נתניה,15/05/2015,5 קילומטר,,5000,15318,5486,318
מרוץ גזר 2015,15/05/2015,5קמ,,5000,15368,5492,79
מרוץ דרום השרון 2015,15/05/2015,"10 ק""מ",,10000,15319,5487,103
מרוץ גזר 2015,15/05/2015,10קמ,,10000,15369,5492,105
מרוץ גבעת שמואל ה-6,15/05/2015,"5 ק""מ ריצה תחרותית",5K,5000,15308,5484,378
מרוץ שבילי עמק המעיינות ה-2,14/05/2015,"10 ק""מ יחידים",10K,10000,15314,5485,64
מרוץ הנשים ברמת גן,12/05/2015,"5 ק""מ ריצה תחרותית",5K,5000,15164,5457,159
מרוץ הנשים ברמת גן,12/05/2015,"2 ק""מ ריצה תחרותית",2K,2000,15165,5457,65
מרוץ המרכז האקדמי רופין 2015,12/05/2015,"5 ק""מ תחרותי",5K,5000,15166,5458,107
מרוץ קאנטרי גימל,09/05/2015,10 קילומטר,,10000,15087,5438,209
מרוץ קאנטרי גימל,09/05/2015,5 קילומטר,,5000,15088,5438,179
מרוץ שוהם חבל מודיעין,08/05/2015,"10 ק""מ תחרותי",10K,10000,15081,5436,160
מרוץ שוהם חבל מודיעין,08/05/2015,"5 ק""מ תחרותי",5K,5000,15082,5436,219
מרוץ שוהם חבל מודיעין,08/05/2015,"2.5 ק""מ תחרותי עד גיל 14",5K,5000,15083,5436,197
מרוץ טלמונים ה-8,08/05/2015,"10 ק""מ ריצה תחרותית",10K,10000,15084,5437,107
מרוץ טלמונים ה-8,08/05/2015,"5 ק""מ ריצה תחרותית",5K,5000,15085,5437,232
מרוץ מזכרת בתיה  2015,08/05/2015,"10 ק""מ ריצה",10K,10000,15079,5435,93
מרוץ טלמונים ה-8,08/05/2015,"2 ק""מ ריצה תחרותית",2K,2000,15086,5437,122
מרוץ מזכרת בתיה  2015,08/05/2015,"5 ק""מ ריצה",5K,5000,15080,5435,85
מרוץ טירת הכרמל 2015,07/05/2015,"5 ק""מ",,5000,15306,5483,14
"מרוץ חבל יבנה וצעדת ח""י",07/05/2015,"10 ק""מ תחרותי",10K,10000,15072,5433,49
"מרוץ חבל יבנה וצעדת ח""י",07/05/2015,"5 ק""מ תחרותי",5K,5000,15073,5433,76
מרוץ באר שבע 2015,05/05/2015,"10 ק""מ",,10000,15070,5432,842
מרוץ באר שבע 2015,05/05/2015,"5 ק""מ",,5000,15071,5432,979
"מרוץ הרצליה ה-10 ע""ש יוסי אבני",02/05/2015,"10 ק""מ ריצה תחרותית",10K,10000,15048,5425,1102
"מרוץ הרצליה ה-10 ע""ש יוסי אבני",02/05/2015,"4 ק""מ ריצה תחרותית",,4000,15049,5425,196
"מרוץ הרצליה ה-10 ע""ש יוסי אבני",02/05/2015,"2 ק""מ ריצה תחרותית",2K,2000,15050,5425,561
"הקפת התבור ה-63 	",01/05/2015,5.5 קילומטר,,5500,15021,5421,139
מרוץ אשקלון 2015,01/05/2015,"10 ק""מ ריצה תחרותית",10K,10000,15016,5420,204
מרוץ אשקלון 2015,01/05/2015,"2 ק""מ ריצה תחרותית",2K,2000,15017,5420,168
מרוץ אשקלון 2015,01/05/2015,"10 ק""מ הליכה תחרותית",10K,10000,15018,5420,4
"הקפת התבור ה-63 	",01/05/2015,11 קילומטר,,11000,15019,5421,216
"הקפת התבור ה-63 	",01/05/2015,11 קילומטר צה”ל,,11000,15020,5421,164
מרוץ דליה 2015,25/04/2015,1000 מ' ריצה תחרותית,,1000,14971,5409,33
מרוץ דליה 2015,25/04/2015,"10 ק""מ ריצה תחרותית",10K,10000,14968,5409,83
מרוץ דליה 2015,25/04/2015,"5 ק""מ ריצה תחרותית",5K,5000,14969,5409,101
מרוץ דליה 2015,25/04/2015,1200 מ' ריצה תחרותית,,1200,14970,5409,42
"מרוץ שפיר ה-5 ע""ש תמר אריאל",24/04/2015,"5 ק""מ ריצה תחרותית",5K,5000,14950,5403,175
"מרוץ שפיר ה-5 ע""ש תמר אריאל",24/04/2015,"2 ק""מ ריצה תחרותית",2K,2000,14951,5403,109
מרתון האיצטדיון,24/04/2015,מרתון,Marathon,42195,14952,5404,25
"מרוץ שפיר ה-5 ע""ש תמר אריאל",24/04/2015,"10 ק""מ ריצה תחרותית",10K,10000,14949,5403,179
מרוץ נחלים ה-3,23/04/2015,"10 ק""מ תחרותי",10K,10000,14946,5402,61
מרוץ נחלים ה-3,23/04/2015,"5 ק""מ תחרותי",5K,5000,14947,5402,55
מרוץ צהלה,18/04/2015,10 קילומטר,10K,10000,14891,5393,284
מרוץ צהלה,18/04/2015,5 קילומטר,5K,5000,14892,5393,241
"מרוץ ראש העין ה-5 ע""ש שי דנור (דדון)",17/04/2015,"5 ק""מ ריצה תחרותית",5K,5000,14867,5387,230
מרוץ הארץ המובטחת מ-י-ם אל ים,17/04/2015,אולטרה 100,,100000,14880,5389,2
מרוץ הארץ המובטחת מ-י-ם אל ים,17/04/2015,אולטרה 54,,54000,14874,5389,90
אולטרה קצרין בשביל הגולן 2015,17/04/2015,"15 ק""מ ריצה",15K,15000,14887,5391,87
"מרוץ ראש העין ה-5 ע""ש שי דנור (דדון)",17/04/2015,"2 ק""מ ריצה תחרותית",2K,2000,14868,5387,166
TLV Urban Power Run,17/04/2015,5 קילומטר,5K,5000,14881,5390,125
"אליפות ישראל לוותיקים ב-5,000 מטר",17/04/2015,"מקצה 1, 5 ק""מ",5K,5000,14869,5388,39
"אליפות ישראל לוותיקים ב-5,000 מטר",17/04/2015,"מקצה 2, 5 ק""מ",5K,5000,14870,5388,43
"אליפות ישראל לוותיקים ב-5,000 מטר",17/04/2015,"מקצה 3, 5 ק""מ",5K,5000,14871,5388,44
"מרוץ ראש העין ה-5 ע""ש שי דנור (דדון)",17/04/2015,"10 ק""מ ריצה תחרותית",10K,10000,14866,5387,184
"מרתון התנ""ך",09/04/2015,מרתון,Marathon,42195,14788,5372,89
"מרתון התנ""ך",09/04/2015,חצי מרתון,H.Marathon,21097,14789,5372,49
"מרתון התנ""ך",09/04/2015,"15 ק""מA",15K,15000,14790,5372,179
"מרתון התנ""ך",09/04/2015,"5 ק""מ",5K,5000,14791,5372,172
"מרתון התנ""ך",09/04/2015,"15ק""מB",15K,15000,14792,5372,31
מרוץ בנימינה וגבעת עדה וצעדת בנימינה 2015,08/04/2015,"15 ק""מ ריצה תחרותית",15K,15000,14784,5371,73
מרוץ בנימינה וגבעת עדה וצעדת בנימינה 2015,08/04/2015,"10 ק""מ ריצה תחרותית",10K,10000,14785,5371,156
מרוץ בנימינה וגבעת עדה וצעדת בנימינה 2015,08/04/2015,"4 ק""מ ריצה תחרותית",,4000,14786,5371,116
מרוץ בנימינה וגבעת עדה וצעדת בנימינה 2015,08/04/2015,"1 ק""מ ריצה תחרותית",,1000,14787,5371,99
מרוץ מרום הגליל ה-3,07/04/2015,"10 ק""מ ריצה תחרותית",10K,10000,14782,5370,132
מרוץ מרום הגליל ה-3,07/04/2015,"5 ק""מ ריצה תחרותית",5K,5000,14783,5370,44
מרוץ אופקים 2015,06/04/2015,"10 ק""מ ריצה תחרותית",10K,10000,14734,5363,62
מרוץ הטכניון ה-1,01/04/2015,"5 ק""מ ריצה תחרותית",5K,5000,14730,5361,538
מרוץ עיינות ה-4,28/03/2015,"4 ק""מ",,4000,14698,5351,272
מרוץ משמר הנגב ה-3,28/03/2015,"10 ק""מ תחרותי",10K,10000,14699,5352,33
מרוץ האביב 2015,28/03/2015,חצי מרתון,H.Marathon,21097,14693,5350,309
מרוץ משמר הנגב ה-3,28/03/2015,"5 ק""מ תחרותי",5K,5000,14700,5352,53
מרוץ האביב 2015,28/03/2015,"10 ק""מ",10K,10000,14694,5350,531
מרוץ משמר הנגב ה-3,28/03/2015,"2.5 ק""מ תחרותי",5K,5000,14701,5352,55
מרוץ האביב 2015,28/03/2015,"5 ק""מ",5K,5000,14695,5350,207
מרוץ משמר הנגב ה-3,28/03/2015,"1.5 ק""מ תחרותי",,1500,14702,5352,85
מרוץ עיינות ה-4,28/03/2015,"10 ק""מ",10K,10000,14697,5351,215
מרוץ אור יהודה 2015,27/03/2015,"5 ק""מ ריצה תחרותית",,5000,14692,5349,129
אליפות גוש עציון ה-13,27/03/2015,"ריצה 10 ק""מ",10K,10000,14710,5354,170
אליפות גוש עציון ה-13,27/03/2015,"ריצה 5 ק""מ",5K,5000,14711,5354,398
אליפות גוש עציון ה-13,27/03/2015,"עממי 2 ק""מ",2K,2000,14712,5354,28
אליפות גוש עציון ה-13,27/03/2015,"21 ק""מ חצי מרתון",H.Marathon,21097,14708,5354,66
מרוץ אור יהודה 2015,27/03/2015,"10 ק""מ ריצה תחרותית",,10000,14691,5349,463
משחקי החורף של א.ס.א,23/03/2015,"ריצה 5 ק""מ",5K,5000,14732,5346,59
רצים לדרום הפורח,21/03/2015,14 Men,,14000,14651,5345,57
רצים לדרום הפורח,21/03/2015,14 Women,,14000,14652,5345,37
רצים לדרום הפורח,21/03/2015,5 Men,5K,5000,14653,5345,25
מרוץ הגליל העליון,21/03/2015,"15 ק""מ",15K,15000,14632,5339,218
"מרוץ AIS ביה""ס האמריקאי 2015",21/03/2015,4k Runner,,4000,14645,5341,184
רצים לדרום הפורח,21/03/2015,5 Women,5K,5000,14654,5345,33
מרוץ הגליל העליון,21/03/2015,"5 ק""מ",5K,5000,14633,5339,117
מרוץ סביון 2015,20/03/2015,"2 ק""מ תחרותי עד גיל 14",2K,2000,14629,5338,74
מרוץ עדנים 2015,20/03/2015,"5 ק""מ תחרותי",5K,5000,14622,5336,98
מרוץ סביון 2015,20/03/2015,"2 ק""מ ריצה עממי",2K,2000,14630,5338,185
מרוץ דימונה ה-2,20/03/2015,"10 ק""מ ריצה תחרותית",10K,10000,14624,5334,58
מרוץ דימונה ה-2,20/03/2015,"5 ק""מ ריצה תחרותית",5K,5000,14617,5334,45
"מרוץ השומרון ה-4 ע""ש גלעד זר",20/03/2015,"10 ק""מ ריצה תחרותית",10K,10000,14625,5337,90
מרוץ לוד ה-2,20/03/2015,"10 ק""מ",10K,10000,14618,5335,200
"מרוץ השומרון ה-4 ע""ש גלעד זר",20/03/2015,"5 ק""מ ריצה תחרותית",5K,5000,14626,5337,102
מרוץ לוד ה-2,20/03/2015,"5 ק""מ",5K,5000,14619,5335,240
מרוץ סביון 2015,20/03/2015,"מקצה 10 ק""מ תחרותי",10K,10000,14627,5338,488
מרוץ לוד ה-2,20/03/2015,"2 ק""מ תחרותי עד גיל 14",2K,2000,14620,5335,325
לרוץ ברוח טובה,20/03/2015,"ריצה 9 ק""מ",,9000,14647,5342,194
מרוץ סביון 2015,20/03/2015,"מקצה 5 ק""מ",5K,5000,14628,5338,291
מרוץ עדנים 2015,20/03/2015,"10 ק""מ תחרותי",10K,10000,14621,5336,51
מרוץ רעננה 2015,20/03/2015,"ריצה 10 ק""מ",10K,10000,14615,5333,1006
לרוץ ברוח טובה,20/03/2015,"ריצה 3.5ק""מ",,3500,14648,5342,208
מרוץ אלתרמנס הילדים 2015,18/03/2015,"2 ק""מ ריצה תחרותית",2K,2000,14590,5329,101
מרוץ אלתרמנס הילדים 2015,18/03/2015,"1 ק""מ ריצה תחרותית",,1000,14591,5329,103
רצים לבחירות 2015,16/03/2015,10 קילומטר,10K,10000,14586,5328,52
רצים לבחירות 2015,16/03/2015,5 קילומטר,5K,5000,14587,5328,52
רצים לבחירות 2015,16/03/2015,2 קילומטר,2K,2000,14588,5328,10
מרוץ כפר-סבא 2015,14/03/2015,"ריצה 10 ק""מ",10K,10000,14576,5322,824
מרוץ אבן יהודה ה-7,14/03/2015,"10 ק""מ ריצה תחרותית",10K,10000,14580,5324,98
מרוץ אבן יהודה ה-7,14/03/2015,"5 ק""מ ריצה תחרותית",5K,5000,14581,5324,217
מרוץ אבן יהודה ה-7,14/03/2015,"2 ק""מ ריצה תחרותית",2K,2000,14582,5324,653
Jerusalem Marathon 2015,13/03/2015,10K,10K,10000,14575,5321,5786
Jerusalem Marathon 2015,13/03/2015,Half Marathon,H.Marathon,21097,14572,5321,3280
Jerusalem Marathon 2015,13/03/2015,5K,5K,5000,14573,5321,515
Jerusalem Marathon 2015,13/03/2015,Marathon,Marathon,42195,14574,5321,1119
מרוץ אפרת השני,06/03/2015,חצי מרתון,H.Marathon,21097,14535,5314,1
מרוץ אפרת השני,06/03/2015,"10 ק""מ",10K,10000,14536,5314,1
מרוץ אפרת השני,06/03/2015,"5 ק""מ",5K,5000,14537,5314,1
מרתון סמסונג תל-אביב 2015,27/02/2015,חצי מרתון,H.Marathon,21097,14451,5296,6419
מרוץ הכלניות ה-2,27/02/2015,"2 ק""מ ריצה תחרותית",2K,2000,14458,5297,45
מרתון סמסונג תל-אביב 2015,27/02/2015,"10 ק""מ",10K,10000,14452,5296,9667
מרוץ הכלניות ה-2,27/02/2015,"10 ק""מ ריצה תחרותית",10K,10000,14455,5297,116
מרוץ הכלניות ה-2,27/02/2015,"5 ק""מ ריצה תחרותית",5K,5000,14456,5297,125
מרתון סמסונג תל-אביב 2015,27/02/2015,מרתון,Marathon,42195,14450,5296,1825
מרוץ חצרים 2015,13/02/2015,"10 ק""מ ריצה תחרותית",10K,10000,14418,5288,174
מרוץ חצרים 2015,13/02/2015,"5 ק""מ ריצה תחרותית",5K,5000,14419,5288,103
מרוץ חצרים 2015,13/02/2015,"2 ק""מ ריצה תחרותית",2K,2000,14423,5288,55
מרוץ חצרים 2015,13/02/2015,חצי מרתון תחרותי,H.Marathon,21097,14417,5288,76
מרוץ עומר ה-34,07/02/2015,"5 ק""מ",5K,5000,14393,5285,192
מרוץ עומר ה-34,07/02/2015,"2 ק""מ עד גיל 18",2K,2000,14394,5285,229
מרוץ נס ציונה,07/02/2015,"10 ק""מ ריצה",10K,10000,14388,5284,434
מרוץ נס ציונה,07/02/2015,"5 ק""מ ריצה",5K,5000,14389,5284,246
מרוץ נס ציונה,07/02/2015,"2.5 ק""מ תחרותי עד גיל 16",5K,5000,14390,5284,300
מרוץ עומר ה-34,07/02/2015,"21.1 ק""מ",H.Marathon,21097,14391,5285,79
מרוץ עומר ה-34,07/02/2015,"10 ק""מ",10K,10000,14392,5285,73
מרוץ עיר האבות ה-7,06/02/2015,"2 ק""מ ריצה תחרותית",2K,2000,14386,5282,51
מרתוניה פארק הירקון,06/02/2015,5 קילומטר,5K,5000,14380,5281,136
"מרוץ ירוחם ה-2 ""בין מכתש לאגם""",06/02/2015,"10 ק""מ ריצה תחרותית",10K,10000,14387,5283,181
מרתוניה פארק הירקון,06/02/2015,10 קילומטר,10K,10000,14381,5281,347
מרתוניה פארק הירקון,06/02/2015,חצי מרתון,H.Marathon,21097,14382,5281,181
מרתוניה פארק הירקון,06/02/2015,31 קילומטר,,31000,14383,5281,246
מרוץ עיר האבות ה-7,06/02/2015,"10 ק""מ ריצה תחרותית",10K,10000,14384,5282,35
מרוץ עיר האבות ה-7,06/02/2015,"5 ק""מ ריצה תחרותית",5K,5000,14385,5282,64
מרוץ הגולף קיסריה,05/02/2015,12 קמ,,12000,14396,5286,164
מרוץ אמצע החורף,30/01/2015,"ריצה 10 ק""מ",10K,10000,14349,5276,553
מרוץ אמצע החורף,30/01/2015,"ריצה 5 ק""מ",5K,5000,14350,5276,174
מרוץ אמצע החורף,30/01/2015,ריצה חצי מרתון,H.Marathon,21097,14351,5276,287
מרוץ הערבה 2015,23/01/2015,10קמ,10K,10000,14496,5302,131
מרוץ הערבה 2015,23/01/2015,חצי מרתון,H.Marathon,21097,14495,5302,81
מרתון winner טבריה 2015,09/01/2015,Marathon,Marathon,42195,14173,5247,1850
מרתון winner טבריה 2015,09/01/2015,10km,10K,10000,14174,5247,881
